2010 revenue,days_since_first_purchase,days_since_last_purchase,number_of_purchase,avg_order_cost,2011 revenue
,,,,,77183.6
711.79,23,23,1,711.79,3598.21
892.8,14,14,1,892.8,904.44
,,,,,1757.55
,,,,,334.4
,,,,,2506.04
,,,,,89
,,,,,1079.4
,,,,,459.4
,,,,,2811.43
,,,,,6207.67
,,,,,1168.06
,,,,,6372.58
,,,,,2662.06
,,,,,189.9
,,,,,5226.23
,,,,,552
,,,,,1313.1
,,,,,641.38
,,,,,168.9
1868.02,16,13,2,934.01,1677.67
,,,,,1887.96
,,,,,1298.04
,,,,,364.6
,,,,,742.93
,,,,,457.5
1001.52,10,10,1,1001.52,626.6
,,,,,4008.62
,,,,,852.24
,,,,,2724.81
,,,,,1845.31
600.72,8,8,1,600.72,1249.84
,,,,,585.27
258.9,22,22,1,258.9,143
,,,,,2780.66
,,,,,549.84
,,,,,460.89
,,,,,1582.6
,,,,,1272.48
679.92,27,13,2,339.96,2338.71
,,,,,2409.9
,,,,,1635.66
,,,,,1108.65
,,,,,84.3
,,,,,225.6
,,,,,427.7
,,,,,1710.39
,,,,,3415.3
,,,,,1708.12
,,,,,2888.55
,,,,,11072.67
,,,,,693.33
,,,,,1226.88
,,,,,758.1
,,,,,562.41
,,,,,124914.53
291.34,13,13,1,291.34,3357.76
,,,,,668.58
,,,,,600.39
,,,,,807.04
,,,,,803.56
237.93,9,9,1,237.93,1621.38
,,,,,1760.96
,,,,,777.2
,,,,,582.73
303.5,27,27,1,303.5,522.3
,,,,,7956.46
1281.5,21,21,1,1281.5,2468.9
,,,,,256.4
773.95,29,13,2,386.975,5713.5
,,,,,5059.32
3787.12,29,22,2,1893.56,9588.75
,,,,,806.14
,,,,,7829.89
,,,,,509.01
,,,,,4951.41
,,,,,2906.85
173.55,22,22,1,173.55,
,,,,,172.06
,,,,,5005.46
,,,,,133.4
,,,,,1002.31
,,,,,476.49
,,,,,449.45
,,,,,4067.29
,,,,,197.88
,,,,,9035.52
,,,,,430.57
,,,,,707.09
,,,,,3528.34
,,,,,2466.86
,,,,,3181.04
,,,,,2363.23
,,,,,947.4
,,,,,826.88
,,,,,1189.59
,,,,,1344.78
,,,,,1212.05
,,,,,742.19
,,,,,729.54
3874.36,20,13,2,1937.18,15949.69
1631.3,25,25,1,1631.3,4940.81
,,,,,3938.55
,,,,,7375.79
,,,,,723.38
12.45,17,17,1,12.45,6803.97
,,,,,13219.74
,,,,,680.99
,,,,,527.2
,,,,,3281.63
791.34,21,10,2,395.67,4804.98
,,,,,2484.98
,,,,,4541.72
,,,,,1298.66
,,,,,334.93
,,,,,5417.93
,,,,,460.4
,,,,,263.21
,,,,,433.74
62.55,21,14,2,31.275,1183.55
,,,,,1043.1
,,,,,403.7
,,,,,4257.82
,,,,,2169.39
,,,,,3723.87
,,,,,482.05
,,,,,73.5
,,,,,1304.81
,,,,,398.27
,,,,,176.5
,,,,,982.57
,,,,,138.03
,,,,,612.29
,,,,,1017.68
383.7,9,9,1,383.7,
,,,,,1312.06
,,,,,2502.84
,,,,,2056.89
,,,,,340.84
,,,,,2634.26
,,,,,599.68
,,,,,192.72
,,,,,1789.77
,,,,,4485.72
,,,,,1316.66
,,,,,348.71
,,,,,1933.48
,,,,,1662.28
,,,,,125.22
,,,,,349.83
,,,,,1089.18
,,,,,716.35
,,,,,12601.83
,,,,,363.95
,,,,,5568.35
881.01,17,17,1,881.01,12519.23
,,,,,981.18
,,,,,372.7
,,,,,1000.39
,,,,,1161.5
,,,,,207.8
,,,,,95.2
,,,,,964.83
168,13,13,1,168,
,,,,,437.82
,,,,,3692.28
,,,,,603.71
620,27,27,1,620,11370.96
,,,,,269.96
,,,,,561.71
,,,,,2134.01
,,,,,238.85
,,,,,3781.74
,,,,,456.9
,,,,,145.92
,,,,,351.65
1942.38,25,23,2,971.19,7458.9
,,,,,4124.69
,,,,,519.61
,,,,,1020.42
,,,,,160.54
,,,,,218.45
,,,,,1315.83
195.89,15,15,1,195.89,461.91
,,,,,2794.51
,,,,,440.42
,,,,,415.7
,,,,,197.71
,,,,,511.36
855.86,29,29,1,855.86,6425.52
,,,,,2338.15
1262.85,7,7,1,1262.85,777.25
,,,,,196.94
,,,,,144
,,,,,214.9
,,,,,646.68
,,,,,9864.26
,,,,,452.85
,,,,,437.6
,,,,,418.1
,,,,,3338.22
,,,,,618.27
,,,,,3811.22
,,,,,3023.08
,,,,,1032.58
274.8,27,13,2,137.4,2324.24
,,,,,577.06
,,,,,153.12
,,,,,739.2
,,,,,254.18
,,,,,1579.51
,,,,,1126.85
,,,,,2099.54
,,,,,1193.32
,,,,,704.04
,,,,,3344.38
,,,,,315.6
,,,,,2291.19
,,,,,713.3
,,,,,355.53
,,,,,177.31
,,,,,3641.24
,,,,,1339.41
1383.65,21,13,2,691.825,12306.02
,,,,,180.1
,,,,,305.1
,,,,,641.13
,,,,,2683.82
,,,,,6620.48
,,,,,4478.53
,,,,,786.46
,,,,,1270.88
,,,,,640.5
,,,,,2163.98
,,,,,1689.18
,,,,,6021.9
,,,,,671.69
,,,,,486.1
,,,,,1174.58
,,,,,185.9
,,,,,1013.26
,,,,,3344.64
,,,,,477.91
,,,,,1775.18
,,,,,1346.97
1193.6,25,13,3,397.8666667,2529.22
,,,,,318.05
,,,,,623.51
,,,,,314.44
,,,,,114
,,,,,919.98
,,,,,2209.85
,,,,,601.98
,,,,,4051.17
,,,,,1643.18
,,,,,686.05
,,,,,91.68
,,,,,245.1
261.48,29,29,1,261.48,3588.3
,,,,,4881.88
,,,,,63
,,,,,620.13
469.87,11,11,1,469.87,3337.28
,,,,,2744.03
,,,,,2996.05
,,,,,225.9
,,,,,610.52
,,,,,1970.6
,,,,,1331.39
221.28,9,9,1,221.28,17407.18
,,,,,1113.02
,,,,,862.81
2118.11,23,10,2,1059.055,11669.43
1075.29,27,21,2,537.645,11212.93
1063.08,21,21,1,1063.08,7413.49
,,,,,2283.63
,,,,,2863.08
89.14,27,27,1,89.14,
,,,,,4873.81
,,,,,1247.61
,,,,,389.01
180,13,13,1,180,855.8
,,,,,855.91
,,,,,869.67
,,,,,582.1
,,,,,957.59
,,,,,4939.99
,,,,,797.71
,,,,,219
,,,,,283.55
,,,,,2340.84
858,13,13,1,858,6010.29
,,,,,603.42
196.44,24,24,1,196.44,2516.47
1315.69,22,13,2,657.845,8420.83
,,,,,1149.02
470.63,27,21,2,235.315,3925.5
,,,,,848.55
,,,,,4708.86
,,,,,353.86
,,,,,1053.49
,,,,,1030.98
,,,,,238.25
,,,,,644.95
657.13,25,13,2,328.565,5124.6
286.6,10,10,1,286.6,2369.53
,,,,,997.63
,,,,,725.07
,,,,,1031.41
427.8,27,27,1,427.8,
170.28,13,13,1,170.28,2438.82
,,,,,3980.7
,,,,,836.33
,,,,,453.01
1071.9,20,20,1,1071.9,17824.01
,,,,,236.26
,,,,,383.95
110.4,8,8,1,110.4,
,,,,,779.57
,,,,,234
155.35,28,28,1,155.35,
,,,,,1013.04
,,,,,427.6
,,,,,546.43
,,,,,21279.29
706.27,25,17,2,353.135,3489.74
4228.13,29,7,14,302.0092857,29491.6
,,,,,4090.88
,,,,,275.88
,,,,,4366.78
3590.59,18,18,1,3590.59,17838.8
,,,,,3010.74
3794.4,21,21,1,3794.4,17.55
,,,,,112.08
,,,,,7857.1
,,,,,2791.59
,,,,,1531.44
,,,,,1898.52
320.08,25,25,1,320.08,174
,,,,,1693.88
1149.29,22,22,1,1149.29,5840.34
,,,,,1143.6
,,,,,1351.45
,,,,,892.47
,,,,,1386.04
,,,,,822.23
248.16,27,27,1,248.16,3733.2
,,,,,826.74
463.5,13,13,1,463.5,1867.42
,,,,,2225.91
,,,,,574.42
311.95,20,20,1,311.95,
,,,,,463.66
,,,,,91.85
,,,,,324.92
192.6,29,29,1,192.6,
,,,,,400.54
131.8,27,27,1,131.8,413.68
,,,,,860.41
,,,,,430.48
254.03,21,21,1,254.03,
,,,,,6977.04
,,,,,427.58
129.4,24,24,1,129.4,354.25
,,,,,489.31
,,,,,514.85
,,,,,229.64
,,,,,125.92
,,,,,1063.46
,,,,,572.2
,,,,,166.04
,,,,,1542.08
,,,,,942.34
,,,,,92.72
,,,,,948.88
,,,,,1759.5
,,,,,397.12
155,21,21,1,155,1319.72
,,,,,430.15
,,,,,1018.71
85.75,16,16,1,85.75,207.25
,,,,,6814.64
,,,,,215.05
,,,,,383.03
,,,,,417.38
,,,,,312.38
,,,,,2612.86
,,,,,134.1
390.79,29,29,1,390.79,292.34
737.45,23,13,2,368.725,4853.97
,,,,,2726.77
505.99,27,25,2,252.995,3516.36
,,,,,1118.99
,,,,,1702.26
,,,,,325.96
,,,,,354.09
,,,,,871.54
,,,,,1050.89
,,,,,135.18
,,,,,311.55
,,,,,1957.1
,,,,,1324.5
38.1,28,28,1,38.1,
,,,,,2179.93
,,,,,1106.4
,,,,,521.2
,,,,,147.12
,,,,,1568.23
,,,,,559.12
362.79,16,16,1,362.79,3674.03
203.3,29,29,1,203.3,1403.76
,,,,,380.64
378.53,21,21,1,378.53,221.44
,,,,,374
293.76,18,18,1,293.76,49.47
,,,,,2218.02
150.06,14,14,1,150.06,1385.71
,,,,,854.99
,,,,,573.22
,,,,,298
,,,,,1463.04
,,,,,703.47
,,,,,309.05
,,,,,1175.22
,,,,,1378.4
,,,,,354.12
,,,,,380.47
,,,,,331
,,,,,188.14
,,,,,372.8
,,,,,216.5
,,,,,17654.54
,,,,,138.68
,,,,,509.58
,,,,,2919.81
,,,,,750
,,,,,2178.67
,,,,,3075.04
,,,,,1662.3
417.62,24,24,1,417.62,2066.01
199.65,28,28,1,199.65,164
,,,,,3006.15
,,,,,594
,,,,,1335.19
,,,,,164.23
687.8,29,22,2,343.9,15899.29
,,,,,405.38
,,,,,176.97
,,,,,933.7
,,,,,694.05
392.34,15,15,1,392.34,1670.36
,,,,,117.85
,,,,,415.8
177,13,13,1,177,41878.96
,,,,,607.53
,,,,,2160.7
,,,,,1063.9
,,,,,1504.27
,,,,,114.14
,,,,,11581.8
,,,,,913.54
258.75,21,21,1,258.75,425.15
286.95,10,10,1,286.95,317.56
,,,,,462.95
304.04,29,29,1,304.04,1299.95
,,,,,2064.95
,,,,,4167.22
,,,,,1843
,,,,,1064.07
,,,,,1387.79
,,,,,329.85
,,,,,4757.16
,,,,,108.07
,,,,,4017.54
,,,,,266.39
365.8,21,21,1,365.8,1490.83
,,,,,771.91
,,,,,160.18
1660.9,27,14,2,830.45,
,,,,,135.95
,,,,,452.24
436.19,28,9,5,87.238,10753.72
,,,,,144.8
,,,,,738.6
,,,,,39.24
889.32,14,14,1,889.32,6485.58
,,,,,372.22
,,,,,390.54
,,,,,97.5
,,,,,1239.38
,,,,,558.7
,,,,,535.32
202.5,20,20,1,202.5,6721.61
,,,,,409.5
,,,,,503.76
,,,,,414.76
,,,,,974.42
,,,,,211.32
,,,,,1226.89
,,,,,455.88
201.75,20,20,1,201.75,333.1
,,,,,9818.82
,,,,,120.95
,,,,,149.05
357.01,13,13,1,357.01,5298.9
,,,,,513.7
,,,,,81.57
,,,,,229.47
50.55,28,28,1,50.55,
,,,,,1661.84
1528.34,27,27,1,1528.34,3282.6
,,,,,3466.28
,,,,,3346.28
,,,,,789.89
,,,,,204
,,,,,7277.7
157.35,14,14,1,157.35,2459.03
,,,,,689.9
,,,,,975.36
1440,10,10,1,1440,5472
,,,,,661.32
382.5,9,9,1,382.5,865
427.74,24,24,1,427.74,371.74
,,,,,1010.18
190.55,13,13,1,190.55,
165.86,25,25,1,165.86,476.91
,,,,,921.88
,,,,,881.07
,,,,,908.46
,,,,,676.99
,,,,,516.42
,,,,,560.47
,,,,,305.28
,,,,,629.31
366.63,29,29,1,366.63,2870.91
,,,,,1835.91
,,,,,656.68
1199.87,22,10,4,299.9675,4636.99
,,,,,348.15
,,,,,1214.41
,,,,,271.4
,,,,,183.4
,,,,,307.53
,,,,,248.61
,,,,,346.98
,,,,,1119.49
205.86,29,29,1,205.86,
,,,,,470.8
,,,,,115.46
,,,,,344
644.12,25,17,2,322.06,3792
,,,,,228.8
,,,,,177.15
,,,,,919.61
313.72,22,22,1,313.72,415.55
881.16,22,15,2,440.58,11746.78
,,,,,220.1
,,,,,58.08
2366.78,27,27,1,2366.78,25970.6
,,,,,3613.63
,,,,,303.75
,,,,,416.08
5953.21,25,14,5,1190.642,52872.62
1008.4,28,21,2,504.2,7902.42
,,,,,345.82
185.45,15,15,1,185.45,292.38
3795.51,29,14,2,1897.755,4036.96
223.68,24,24,1,223.68,1703.64
,,,,,74.4
304.9,16,16,1,304.9,5705.52
,,,,,28882.44
,,,,,207.36
,,,,,101.19
673.92,21,16,2,336.96,5750.17
,,,,,243.94
101.76,10,10,1,101.76,996.72
,,,,,76.5
,,,,,1531.62
350.06,28,28,1,350.06,
,,,,,786.54
,,,,,1488.67
372.97,22,22,1,372.97,11872.99
,,,,,2294.78
,,,,,501.14
388.15,28,21,2,194.075,596.76
,,,,,1197.81
,,,,,30.6
,,,,,283.73
,,,,,922.39
1256.32,15,15,1,1256.32,2610.01
223.44,22,22,1,223.44,1876.2
,,,,,259.17
,,,,,64
,,,,,1073.3
,,,,,77.3
,,,,,109.8
,,,,,1793.58
,,,,,3096
,,,,,2607.61
,,,,,3650.41
193.23,28,28,1,193.23,769.16
,,,,,5064.94
159.51,22,22,1,159.51,264.21
,,,,,2388.75
,,,,,307.09
,,,,,110.95
295,28,28,1,295,323.52
,,,,,228.91
,,,,,712.8
309.4,20,20,1,309.4,3397.72
,,,,,1676.06
,,,,,1257.87
,,,,,486.22
379.7,24,24,1,379.7,592.06
,,,,,1741.22
,,,,,1201.06
,,,,,1437.85
,,,,,91.8
,,,,,112.75
,,,,,1688.29
354.64,7,7,1,354.64,666.84
,,,,,417.2
,,,,,791.33
,,,,,1319.19
,,,,,712.88
,,,,,116.01
,,,,,468.41
165.94,23,23,1,165.94,187.71
1415.97,25,25,1,1415.97,1401.06
,,,,,492.84
,,,,,282.45
710,16,16,1,710,5015.47
,,,,,121.18
,,,,,3957.78
,,,,,1701.29
,,,,,71.4
,,,,,1575.89
,,,,,236.02
,,,,,114.6
,,,,,260.68
,,,,,911.94
,,,,,117.88
,,,,,60.7
,,,,,1797.78
384.55,17,17,1,384.55,3016.69
711.8,22,14,2,355.9,9105.32
,,,,,870.09
,,,,,869.46
,,,,,250.26
,,,,,1223.9
318.85,17,17,1,318.85,5572.76
,,,,,353.48
110.7,17,17,1,110.7,1086.72
,,,,,788.08
,,,,,1520.58
,,,,,333.74
,,,,,533.98
,,,,,62.64
,,,,,819.29
498.16,15,15,1,498.16,349.25
,,,,,163.2
,,,,,2155.95
1206.72,17,17,1,1206.72,5257.12
,,,,,108.21
,,,,,257.7
,,,,,358
,,,,,160.95
93.45,21,21,1,93.45,2713.52
,,,,,1357.6
,,,,,605.12
,,,,,1031.07
,,,,,744.85
91.15,16,16,1,91.15,609.58
,,,,,329.56
224.07,21,21,1,224.07,439.58
,,,,,270.4
,,,,,600.07
,,,,,121.74
,,,,,430.5
,,,,,1987.3
,,,,,501.12
,,,,,465.68
,,,,,711.41
,,,,,1030.4
225.7,29,29,1,225.7,173.81
,,,,,698.58
,,,,,292.32
,,,,,557.62
,,,,,944.1
,,,,,200.29
,,,,,7454.07
,,,,,2107.66
,,,,,3834.26
622.3,22,16,2,311.15,3899.19
,,,,,3214.69
662.17,25,17,2,331.085,4684.06
590,22,22,1,590,
,,,,,217.38
,,,,,276.56
,,,,,138.98
,,,,,590.93
,,,,,258.4
,,,,,542.73
,,,,,137.75
,,,,,814.86
,,,,,1132.14
,,,,,93.66
,,,,,201.19
,,,,,2709.12
,,,,,361.11
,,,,,578.94
,,,,,873.74
201.2,15,15,1,201.2,
,,,,,87.4
,,,,,2089.85
,,,,,360
,,,,,142.5
,,,,,371.89
,,,,,618.09
,,,,,63.75
300.42,7,7,1,300.42,
136.2,28,28,1,136.2,1864.66
,,,,,15
,,,,,1385.51
,,,,,1456.79
,,,,,1132.03
,,,,,598.57
,,,,,1555.32
,,,,,775.94
,,,,,5977.73
238.05,14,14,1,238.05,2035.63
,,,,,640.76
1551.08,21,10,2,775.54,9294.47
,,,,,1548.7
,,,,,567.36
,,,,,199.48
,,,,,787.85
650.1,16,16,1,650.1,6471.85
,,,,,675.3
745,21,21,1,745,2882.77
,,,,,1308.48
304.2,22,22,1,304.2,484.8
,,,,,1140.93
,,,,,350.9
,,,,,3536.82
,,,,,795.12
,,,,,487.02
,,,,,860.12
,,,,,10736.48
,,,,,775.85
,,,,,353.43
,,,,,2543.72
,,,,,389.5
,,,,,341.36
,,,,,233.76
,,,,,247.32
,,,,,979.12
,,,,,373.94
,,,,,397.98
,,,,,743.53
,,,,,674.7
,,,,,768.24
,,,,,609.95
,,,,,439.03
,,,,,439.56
,,,,,3090.74
,,,,,992.5
,,,,,134.96
,,,,,2225.37
,,,,,56.16
,,,,,623.4
308.28,21,21,1,308.28,
754.87,27,27,1,754.87,
,,,,,378.64
,,,,,3312.25
,,,,,778.65
,,,,,1019.76
,,,,,572.56
,,,,,3639.31
,,,,,222.99
,,,,,4151.93
,,,,,534.57
,,,,,677.1
,,,,,797.96
,,,,,544.08
,,,,,59.8
,,,,,2520.02
,,,,,307.72
,,,,,1360.99
,,,,,1544.13
,,,,,457.34
308.28,28,28,1,308.28,312.95
,,,,,75
,,,,,252.49
,,,,,572.451
3031.2,29,14,4,757.8,25085.84
,,,,,1003.06
,,,,,213.55
,,,,,1390.5
,,,,,712.5
,,,,,640.83
1579.62,28,15,3,526.54,4547.81
,,,,,221.06
,,,,,159.85
,,,,,1851.08
,,,,,2626.3
,,,,,1624.21
336.98,15,15,1,336.98,3304.34
,,,,,582.6
,,,,,218.47
,,,,,1006.8
,,,,,679.45
,,,,,1269.1
,,,,,534.24
,,,,,3809.89
,,,,,196.89
,,,,,3408.06
,,,,,283.71
,,,,,296.64
,,,,,1129.14
829.54,29,20,2,414.77,2709.83
,,,,,291.88
,,,,,2043.72
,,,,,2976.15
,,,,,590
,,,,,356.98
692.94,22,22,1,692.94,365.4
,,,,,1766.72
1185.86,15,15,1,1185.86,8460.71
,,,,,183.44
,,,,,1445
,,,,,151.5
,,,,,674.68
,,,,,307.9
,,,,,1083.71
911,29,14,3,303.6666667,4793.97
,,,,,165
,,,,,2531.58
,,,,,422.64
,,,,,229.59
,,,,,1431.78
,,,,,1238.47
,,,,,1454.58
,,,,,300.95
,,,,,1804.56
,,,,,184.64
,,,,,140.34
,,,,,313.8
,,,,,454.24
,,,,,1122.41
193.15,9,9,1,193.15,382.25
1381.92,23,23,1,1381.92,7586.39
,,,,,449.52
196.4,28,15,2,98.2,1019.42
,,,,,1269.84
,,,,,618.63
,,,,,316.26
865.43,24,15,2,432.715,1179.44
501.01,15,15,1,501.01,152.32
153.5,24,24,1,153.5,194.55
,,,,,1159.11
,,,,,1166.77
,,,,,1340.32
,,,,,292
,,,,,216.85
,,,,,295.93
,,,,,4393.63
301.12,25,25,1,301.12,157.4
,,,,,2479.16
,,,,,110.97
,,,,,979.72
,,,,,1791.56
,,,,,251.21
,,,,,205.1
,,,,,152.2
,,,,,891.12
,,,,,1389.41
,,,,,2128.42
,,,,,659.44
,,,,,122.75
303.4,27,27,1,303.4,3320.95
,,,,,1093.65
,,,,,125.8
566.95,22,22,1,566.95,3397.93
,,,,,680.18
,,,,,628.78
,,,,,2287.51
,,,,,307.76
305.45,22,22,1,305.45,178.35
,,,,,210.31
,,,,,270.79
283.2,14,14,1,283.2,5586.88
,,,,,3448.29
,,,,,1280.85
,,,,,631.34
,,,,,291.41
,,,,,626.99
,,,,,682.41
,,,,,918.2
,,,,,91.8
,,,,,3740.07
,,,,,4149.28
,,,,,584.06
,,,,,605.06
,,,,,174.37
,,,,,141.86
,,,,,1799.33
,,,,,777.53
1198.38,24,10,2,599.19,550.64
,,,,,240.22
,,,,,874.71
,,,,,192.85
118.32,23,23,1,118.32,255.43
,,,,,239.49
,,,,,2092.32
,,,,,1384.25
,,,,,294.4
,,,,,732.07
349.15,29,29,1,349.15,6368.19
,,,,,1687.6
164.7,25,25,1,164.7,302.34
,,,,,118
,,,,,781.03
,,,,,142.4
,,,,,712.4
,,,,,2478.95
,,,,,379.65
,,,,,1981.92
,,,,,1117.13
,,,,,247.96
,,,,,2037.08
,,,,,396.97
,,,,,697.04
,,,,,180.17
352.84,22,22,1,352.84,4800.83
,,,,,219.52
,,,,,693.32
,,,,,428.89
,,,,,164.34
,,,,,280.54
,,,,,678.01
,,,,,1131.88
303.15,15,15,1,303.15,868.65
,,,,,1610.46
,,,,,417.69
,,,,,544.18
,,,,,177.34
,,,,,213.85
,,,,,747.78
,,,,,257.23
311.19,13,13,1,311.19,1327.28
,,,,,7792.36
,,,,,2031.78
,,,,,3070.42
,,,,,2121.27
,,,,,1575.16
,,,,,1071.03
,,,,,949.12
,,,,,810.5
,,,,,122.64
,,,,,1033.34
,,,,,354.8
,,,,,519.44
,,,,,2624.26
,,,,,252.1
,,,,,1678.12
197.8,22,22,1,197.8,148.8
,,,,,1836.34
,,,,,94.2
308.8,24,24,1,308.8,786.28
,,,,,2707.33
,,,,,932.97
,,,,,379.65
,,,,,382.14
,,,,,2639.17
,,,,,1573.2
,,,,,897.76
,,,,,189.47
,,,,,84.65
,,,,,305.02
177.66,18,18,1,177.66,6185.93
,,,,,218.55
,,,,,349.7
,,,,,186.39
,,,,,396.92
,,,,,486.82
,,,,,232.6
,,,,,3722.42
,,,,,827.83
,,,,,59.5
,,,,,67.23
,,,,,3119.44
,,,,,72
,,,,,910
,,,,,172.25
,,,,,1488.32
2897.04,29,14,2,1448.52,62142.58
,,,,,2504.13
,,,,,151.3
,,,,,308.58
,,,,,2265.12
,,,,,99.5
,,,,,2308.06
318.14,29,29,1,318.14,393.72
,,,,,330.79
,,,,,806.41
,,,,,296.88
,,,,,6328.05
,,,,,180.48
,,,,,252.06
,,,,,228.84
496.63,28,18,2,248.315,582.71
,,,,,138.28
,,,,,1445.01
,,,,,306.55
,,,,,1041.68
,,,,,799.9
,,,,,524.14
,,,,,2375.41
,,,,,199.85
,,,,,1980.56
,,,,,1079.66
,,,,,333.48
,,,,,1016.14
,,,,,752.6
,,,,,610.59
,,,,,491.86
,,,,,2885.24
,,,,,731.9
,,,,,339.6
,,,,,216.9
,,,,,350.75
,,,,,668.43
,,,,,3131.02
,,,,,1341.6
,,,,,1156.36
,,,,,300.04
79.6,29,29,1,79.6,
204,29,29,1,204,744.25
,,,,,1647.26
,,,,,296.25
,,,,,1186.28
,,,,,741.26
,,,,,282.6
,,,,,2161.35
1004.4,23,14,3,334.8,4185.12
718.85,29,22,2,359.425,2471.7
,,,,,659.41
,,,,,286.79
,,,,,1070.65
,,,,,306.72
,,,,,1714.96
,,,,,1521.76
2439.36,29,14,6,406.56,14781
322.3,23,23,1,322.3,2474.21
,,,,,2634.45
,,,,,1132.13
,,,,,345
6961.78,29,7,3,2320.593333,19015.38
,,,,,178.7
,,,,,360.01
,,,,,127.84
,,,,,912
,,,,,2462.79
230.4,23,23,1,230.4,
106.4,20,20,1,106.4,202.64
,,,,,348.8
,,,,,1516
,,,,,195.55
4170.66,28,20,2,2085.33,32983.19
,,,,,688.86
,,,,,558.32
,,,,,324.8
,,,,,4599.42
,,,,,277.07
,,,,,2635.79
,,,,,924.6
,,,,,256.38
112.6,23,23,1,112.6,
,,,,,1747.66
,,,,,155.05
,,,,,1499.01
,,,,,814.5
,,,,,539
,,,,,1366.86
,,,,,1579.12
,,,,,4027.36
,,,,,571.67
128.7,7,7,1,128.7,254.28
,,,,,1140.35
,,,,,385.64
,,,,,632
,,,,,957.66
,,,,,1698.94
,,,,,189.5
,,,,,412.05
,,,,,209.49
408,25,25,1,408,1794.99
,,,,,52.2
,,,,,384.8
,,,,,834.57
,,,,,271.24
238.11,25,25,1,238.11,453.62
,,,,,85
310.57,22,22,1,310.57,3075.05
,,,,,361.62
,,,,,312.98
411.4,16,16,1,411.4,453.66
320,22,22,1,320,935
,,,,,1537.95
,,,,,1595.48
,,,,,2651.46
,,,,,1090.14
609.44,21,13,2,304.72,7500.08
,,,,,388.5
,,,,,216.17
,,,,,201.16
,,,,,1245.9
,,,,,2209.36
,,,,,305.78
,,,,,501.56
,,,,,145.67
,,,,,1015.29
,,,,,3192.54
323.62,13,13,1,323.62,2781.33
,,,,,2770.94
,,,,,6403.25
,,,,,389.6
540.45,14,14,1,540.45,
,,,,,1786.79
,,,,,122.7
,,,,,117.24
,,,,,1281.53
97.8,23,23,1,97.8,3121.97
,,,,,17159.52
,,,,,1191.13
,,,,,2674.48
,,,,,787.6
,,,,,506.8
,,,,,243.56
,,,,,349.55
,,,,,605.63
,,,,,416.9
190.35,14,14,1,190.35,1693.46
,,,,,632.97
,,,,,821.1
,,,,,564.62
,,,,,2593.07
,,,,,311.16
,,,,,155.93
,,,,,388.52
,,,,,740.95
,,,,,2867.2
,,,,,332.64
,,,,,2369.55
,,,,,2580.91
,,,,,626.45
,,,,,272.04
,,,,,1212.84
,,,,,384.81
172.25,7,7,1,172.25,
,,,,,351.13
,,,,,1838.85
,,,,,678.25
,,,,,223.85
,,,,,348.99
,,,,,464.57
,,,,,842.65
,,,,,337.34
,,,,,1237.53
,,,,,307.4
,,,,,608.79
,,,,,922.1
,,,,,376.58
,,,,,158.85
,,,,,71.66
,,,,,568.55
,,,,,839.14
1095.12,28,28,1,1095.12,4017.84
,,,,,561.57
,,,,,90.6
102,16,16,1,102,
,,,,,2427.32
,,,,,745.06
,,,,,674.45
,,,,,3251.071
500,8,8,1,500,3015.68
,,,,,439.92
,,,,,322.96
,,,,,1026.42
214.74,18,18,1,214.74,383.46
,,,,,230.22
,,,,,169.55
151.3,23,23,1,151.3,513.24
,,,,,80.7
317.59,21,21,1,317.59,8736.35
,,,,,2758.26
,,,,,190.25
,,,,,264.7
,,,,,413.59
,,,,,2526.28
,,,,,357.98
,,,,,196.79
,,,,,869.87
,,,,,200.14
428.6,21,21,1,428.6,1443.21
329.36,22,22,1,329.36,2274.07
154.8,22,22,1,154.8,765.71
,,,,,7060.13
,,,,,320.46
,,,,,4147.96
,,,,,1266.08
,,,,,311.3
,,,,,855.97
,,,,,76.8
,,,,,3466.36
,,,,,2313.14
,,,,,1393.69
302.1,17,17,1,302.1,3599.71
,,,,,635.66
301.24,29,29,1,301.24,1741.84
,,,,,529.73
,,,,,4582.64
,,,,,2874.72
,,,,,962.19
,,,,,695.61
,,,,,328.8
,,,,,473.02
,,,,,505.18
,,,,,917.34
753.74,13,13,1,753.74,3587.47
,,,,,1421.61
,,,,,642.8
,,,,,631.9
,,,,,440
,,,,,584.07
,,,,,327.7
,,,,,104.82
,,,,,467.66
676.5,22,22,1,676.5,1683.59
2568.95,28,13,3,856.3166667,14717.91
619.42,22,11,2,309.71,2356.17
,,,,,651.82
,,,,,1428.02
,,,,,626.65
111.8,20,20,1,111.8,35.4
,,,,,1560.38
,,,,,152.2
,,,,,3614.92
,,,,,141.41
,,,,,652.82
326.4,29,29,1,326.4,1333.35
,,,,,154.99
286.92,28,28,1,286.92,1021.69
,,,,,409.93
,,,,,5681.72
,,,,,746.36
1828.16,22,10,3,609.3866667,13782.23
,,,,,225.36
,,,,,260.25
,,,,,92.46
,,,,,725.64
,,,,,8214.65
925.92,16,16,1,925.92,5292.04
,,,,,183.6
874.04,28,15,3,291.3466667,5266.38
1444.12,20,10,2,722.06,9020.73
,,,,,1353.74
,,,,,152.55
,,,,,374.7
,,,,,265.85
,,,,,1438.82
,,,,,151.04
,,,,,942.26
,,,,,122.47
,,,,,499.42
136.24,29,29,1,136.24,913.13
,,,,,375.1
,,,,,45.6
423.52,25,25,1,423.52,511
182.25,20,20,1,182.25,
459.89,27,10,2,229.945,558.54
1190.24,24,7,3,396.7466667,3258.3
,,,,,194.42
,,,,,50491.81
,,,,,161
,,,,,76.32
601.73,14,8,2,300.865,3475.18
,,,,,442.85
,,,,,65164.79
,,,,,147.35
383.52,10,10,1,383.52,2720.65
,,,,,194.9
,,,,,5976.79
,,,,,1360.28
,,,,,216.21
,,,,,1266.23
363.24,20,20,1,363.24,2339.99
,,,,,597.91
,,,,,144.2
,,,,,5683.15
,,,,,692.85
,,,,,2915.15
433.5,10,10,1,433.5,1406.92
,,,,,386.53
,,,,,1382.74
,,,,,90
,,,,,2780.15
,,,,,419.58
,,,,,2740.43
,,,,,706.13
,,,,,709.71
,,,,,637.5
,,,,,1123.86
,,,,,483.86
,,,,,3586.03
,,,,,605.64
947.05,28,9,3,315.6833333,3743.26
,,,,,982.38
,,,,,415.82
,,,,,935.05
,,,,,915.13
311.81,29,29,1,311.81,
,,,,,115.8
,,,,,3742.2
1241.43,13,13,1,1241.43,2949.57
,,,,,483.4
,,,,,157.2
,,,,,446.62
306.18,15,15,1,306.18,352.46
,,,,,621.29
,,,,,1345.62
,,,,,118.75
322.2,27,27,1,322.2,117057.43
,,,,,432.88
,,,,,507.66
193.22,18,18,1,193.22,4499.79
283.15,25,25,1,283.15,827.37
,,,,,289.36
,,,,,2445.91
,,,,,1631.77
,,,,,122.54
,,,,,574.84
,,,,,363.79
,,,,,450.84
,,,,,134.46
,,,,,3222.3
159.55,23,23,1,159.55,417.35
,,,,,559.41
,,,,,1620.93
,,,,,719.78
896.25,28,14,3,298.75,3852.27
,,,,,452.89
,,,,,197.65
,,,,,2054.36
311.24,24,24,1,311.24,4342.84
,,,,,4684.76
,,,,,853.39
,,,,,11349.52
,,,,,1012
,,,,,335.52
,,,,,701.4
,,,,,185.4
67.24,15,15,1,67.24,680.2
,,,,,161.03
,,,,,466.7
,,,,,328.16
,,,,,151.74
,,,,,2073.43
304.95,27,27,1,304.95,1600.89
,,,,,2241.1
,,,,,1070.48
,,,,,1004.38
166,24,24,1,166,1623.72
,,,,,1839.3
118.3,22,22,1,118.3,1886.68
,,,,,169.48
,,,,,89.94
312.98,14,14,1,312.98,319.42
,,,,,3432.8
,,,,,683.17
,,,,,991.13
,,,,,1050.12
,,,,,2232.19
,,,,,3350.96
,,,,,1547.2
,,,,,925.71
,,,,,2048.07
,,,,,1462.72
,,,,,775.46
,,,,,3144.86
189.3,28,28,1,189.3,301.56
161,29,29,1,161,
,,,,,146.85
,,,,,2380.85
,,,,,890.34
,,,,,213.7
,,,,,280.55
472,21,13,2,236,2116.77
,,,,,1693.45
,,,,,1474.06
,,,,,136.77
,,,,,302.58
,,,,,1904.05
,,,,,2879.7
523.86,20,20,1,523.86,445.2
,,,,,3099.72
,,,,,12669.98
,,,,,120
,,,,,1163.45
,,,,,2618.23
,,,,,333.97
,,,,,530.18
,,,,,1516.24
,,,,,492.65
,,,,,112.32
,,,,,437.96
,,,,,559.97
,,,,,1119.74
,,,,,4216.2
,,,,,134.04
571,23,23,1,571,3158.34
,,,,,595.25
,,,,,1910.01
,,,,,4628.75
,,,,,176.63
,,,,,426.6
,,,,,911.26
777.56,17,17,1,777.56,1537.09
,,,,,3883.25
,,,,,4871.93
364.92,24,24,1,364.92,681.64
,,,,,166.2
,,,,,1305.33
4689.46,16,10,2,2344.73,46837.84
429.24,21,21,1,429.24,3536.38
,,,,,43.2
,,,,,640.14
,,,,,383.45
,,,,,1858.96
,,,,,2093.32
783.11,29,29,1,783.11,2212.61
147.75,14,14,1,147.75,2204.78
,,,,,310.26
,,,,,1611.59
,,,,,120
,,,,,2481.13
,,,,,508.58
,,,,,477.79
,,,,,1530.75
,,,,,605.06
,,,,,183.85
,,,,,311.65
,,,,,5014.84
,,,,,462.66
,,,,,866.31
,,,,,415.2
320.15,14,14,1,320.15,2232.06
,,,,,468.26
,,,,,1614.91
,,,,,588.22
,,,,,309.52
,,,,,134.7
,,,,,2182.28
,,,,,668.56
355.65,24,14,3,118.55,534.28
,,,,,108.98
,,,,,1021.58
,,,,,409.57
,,,,,133.5
,,,,,282.93
,,,,,51
,,,,,1078.96
,,,,,90.6
,,,,,163.62
174.4,21,21,1,174.4,
,,,,,701.23
,,,,,225.77
,,,,,912.18
,,,,,2128.23
,,,,,161.2
,,,,,3717.35
,,,,,9261.52
,,,,,155
,,,,,100.5
76.55,14,14,1,76.55,
,,,,,257.68
,,,,,617.05
,,,,,348.1
,,,,,202.68
,,,,,626.07
,,,,,1247.69
,,,,,202.11
,,,,,142.4
,,,,,1770.56
312.8,28,28,1,312.8,2900.04
,,,,,1043.46
223.7,28,28,1,223.7,4429.12
,,,,,67.95
308.68,28,28,1,308.68,3199.03
110.35,27,27,1,110.35,377.64
,,,,,2612.96
,,,,,574.7
247.38,15,15,1,247.38,3804.1
,,,,,1475.81
133.48,25,25,1,133.48,1340.84
,,,,,156.75
,,,,,2157.73
,,,,,2606.53
328.8,24,24,1,328.8,1730.65
,,,,,1105.07
,,,,,1063
,,,,,770.03
122.7,18,18,1,122.7,
217.2,14,14,1,217.2,1279.78
875.18,16,16,1,875.18,5025.1
,,,,,490.22
,,,,,1937.25
124.1,20,20,1,124.1,933.96
,,,,,387.52
,,,,,813.11
,,,,,4263.64
,,,,,265.2
,,,,,322.08
,,,,,4481.67
,,,,,363.34
,,,,,1244.83
,,,,,470.36
,,,,,2255.51
,,,,,1372.8
,,,,,89.06
63,21,21,1,63,
,,,,,131.9
,,,,,2661.24
656.7,21,21,1,656.7,1700.98
,,,,,1712.89
,,,,,1589.82
303.5,24,24,1,303.5,1116.7
,,,,,1039.58
,,,,,1163.23
102.35,20,20,1,102.35,273
210.24,28,28,1,210.24,696.86
,,,,,483.25
,,,,,662.59
,,,,,264.44
,,,,,119.93
,,,,,3062.4
,,,,,113.64
,,,,,1837.92
,,,,,434.34
,,,,,2103.06
,,,,,2004.02
,,,,,529.62
,,,,,1058.62
379.75,28,28,1,379.75,1892.65
,,,,,598.76
,,,,,461.19
279.88,11,11,1,279.88,1656.96
,,,,,234.34
,,,,,547.66
,,,,,925.85
,,,,,215.7
,,,,,1309.6
174.4,21,21,1,174.4,141.85
,,,,,279.05
,,,,,636.51
,,,,,2068.15
,,,,,137.1
,,,,,321.92
,,,,,165.75
125.1,24,24,1,125.1,1071.23
,,,,,1064.28
,,,,,463.38
127.2,28,28,1,127.2,213.73
,,,,,2383.24
,,,,,139.56
,,,,,123.8
304.34,29,29,1,304.34,234.47
,,,,,475.37
166.22,17,17,1,166.22,1791.1
,,,,,815.32
,,,,,356.85
,,,,,251.21
,,,,,2470.67
,,,,,3543.26
,,,,,673.26
1050.35,18,18,1,1050.35,4855.29
269.7,25,25,1,269.7,1742.47
,,,,,1383.18
,,,,,276.42
,,,,,1314.81
,,,,,275.28
,,,,,455.59
,,,,,1055.35
,,,,,2102.09
,,,,,330.45
,,,,,174.37
,,,,,270.6
,,,,,974.54
,,,,,241.09
275.45,16,16,1,275.45,1592.23
462.3,17,17,1,462.3,3869.9
925.49,25,10,4,231.3725,7583.33
,,,,,364.22
,,,,,620.04
,,,,,2925.91
222.6,8,8,1,222.6,710.25
433.5,8,8,1,433.5,1516.22
,,,,,4447.05
,,,,,2864.19
,,,,,171.8
,,,,,355.56
,,,,,388.25
,,,,,537.48
,,,,,996.26
,,,,,1461.65
,,,,,103.25
254.4,20,20,1,254.4,3375.93
1121.92,17,17,1,1121.92,902.53
,,,,,2578.09
,,,,,4007.54
,,,,,652.8
,,,,,289.24
,,,,,765.62
,,,,,186.23
,,,,,165.07
,,,,,859.27
,,,,,2381.04
,,,,,324.14
,,,,,788.38
408.17,13,13,1,408.17,1829.6
,,,,,1080.76
,,,,,5074.77
1167.41,17,17,1,1167.41,1931.71
,,,,,1432
,,,,,1530.36
,,,,,227.39
,,,,,218.06
,,,,,2832.84
413.1,28,28,1,413.1,1240.32
35.4,28,28,1,35.4,
346.9,18,18,1,346.9,512.81
,,,,,168.63
,,,,,138.6
,,,,,114.11
,,,,,1052.55
,,,,,1042.26
,,,,,157.05
,,,,,237.36
,,,,,1601.14
39.75,27,27,1,39.75,
,,,,,1447.14
,,,,,570.46
,,,,,617.99
255,29,29,1,255,124.83
,,,,,1740.6
,,,,,883.15
,,,,,221.97
,,,,,393.33
,,,,,213.96
,,,,,660
1246.66,29,8,7,178.0942857,10909.99
,,,,,16569.5
204,18,18,1,204,1581.15
,,,,,601.56
,,,,,406.08
,,,,,553.44
,,,,,394.44
,,,,,412.78
305.7,14,14,1,305.7,1482.66
,,,,,320.58
,,,,,889.25
,,,,,225.85
585.53,17,17,1,585.53,314.1
,,,,,2791.27
,,,,,671.96
,,,,,959.01
,,,,,1006.98
,,,,,114.56
,,,,,344.9
,,,,,609.85
,,,,,443.6
676.54,17,17,1,676.54,2307.95
,,,,,2125.08
,,,,,110.46
,,,,,96.12
357.94,14,14,1,357.94,335.87
,,,,,830.76
,,,,,597.09
8591.88,10,9,2,4295.94,271614.14
,,,,,243.22
,,,,,1417.29
,,,,,654.6
,,,,,114.18
,,,,,1947.55
,,,,,1932.23
,,,,,291.05
,,,,,848.22
,,,,,247.15
,,,,,2529.93
,,,,,285.74
,,,,,107.95
,,,,,771.17
,,,,,637.89
,,,,,1835.7
,,,,,195.25
1998.1,24,16,4,499.525,7243.1
,,,,,1269.99
,,,,,411.53
,,,,,765.55
373.49,23,23,1,373.49,1362.91
,,,,,604.75
,,,,,2548.24
2875.4,27,16,2,1437.7,25878.71
,,,,,498.95
,,,,,52
168.36,18,18,1,168.36,1067.92
,,,,,628.38
444.98,29,29,1,444.98,5185.89
,,,,,112.8
,,,,,371.7
,,,,,2114.33
,,,,,591.55
,,,,,172.9
294.62,29,29,1,294.62,1784.33
,,,,,188.61
,,,,,1250.76
,,,,,109.13
,,,,,2235.3
,,,,,2549.37
318.7,21,21,1,318.7,2973.44
,,,,,318.17
,,,,,1546.91
,,,,,179
419.06,24,24,1,419.06,707.31
314.1,14,14,1,314.1,4606.94
,,,,,606.13
,,,,,2868.8
,,,,,917.07
425.85,21,14,2,212.925,2240.51
,,,,,160.19
,,,,,867.38
,,,,,329.68
,,,,,1602.13
,,,,,663.81
,,,,,187.92
471,27,14,2,235.5,687.3
,,,,,718.08
,,,,,268.58
313.49,29,29,1,313.49,
,,,,,2005.06
,,,,,380.02
,,,,,2702.49
4357.22,23,10,3,1452.406667,5228.69
252.2,14,14,1,252.2,5813.49
434,9,9,1,434,730.55
,,,,,1314.45
713.88,23,23,1,713.88,3188.4
,,,,,1448.21
495.3,28,17,2,247.65,905.04
225,22,22,1,225,874.98
,,,,,1220.26
,,,,,328.2
470.42,24,24,1,470.42,945.33
,,,,,389.64
,,,,,563.15
,,,,,638.05
,,,,,5010.28
,,,,,738.96
,,,,,420.5
,,,,,1484.06
,,,,,1625.97
,,,,,89.2
,,,,,255.9
,,,,,300.52
,,,,,278.3
,,,,,254.11
180.4,22,22,1,180.4,2292.97
,,,,,192.6
347.01,13,13,1,347.01,10327.74
,,,,,876.42
,,,,,139.26
406.56,28,28,1,406.56,605.34
,,,,,2538.3
,,,,,730.86
,,,,,386.15
,,,,,447.68
,,,,,200.1
,,,,,289.99
,,,,,77.4
,,,,,679.44
,,,,,197.64
,,,,,745.06
,,,,,6.2
,,,,,228.99
,,,,,1319.91
,,,,,131.45
1028.82,22,17,2,514.41,6993.67
,,,,,173.74
,,,,,157.7
1219.85,25,18,2,609.925,3119.89
,,,,,193.14
,,,,,845.55
,,,,,353.27
,,,,,554.65
,,,,,193.39
,,,,,2741.17
180.44,25,25,1,180.44,1907.44
155.43,25,25,1,155.43,
,,,,,778.5
,,,,,271.85
,,,,,1110.34
,,,,,657.8
,,,,,272.07
,,,,,507.29
48.8,22,22,1,48.8,
,,,,,321.43
,,,,,1127.71
396.43,24,14,2,198.215,1830.48
,,,,,2139.76
385.33,28,16,2,192.665,312.22
,,,,,197.13
,,,,,1720.3
,,,,,102.45
,,,,,1649.5
,,,,,62.85
395.16,14,14,1,395.16,2900.6
,,,,,2824.69
,,,,,3189.81
,,,,,309.4
566.89,29,14,2,283.445,7363.65
,,,,,325.75
,,,,,511.35
,,,,,2836.69
,,,,,475.8
,,,,,2759.83
,,,,,645.65
,,,,,1311.38
,,,,,1173.12
,,,,,1353.74
,,,,,170.32
,,,,,125.79
,,,,,841.2
,,,,,266.76
37.2,28,28,1,37.2,15
103.68,22,22,1,103.68,14286.22
,,,,,710.28
,,,,,2953.59
,,,,,725.7
,,,,,327.25
140.4,16,16,1,140.4,381.98
,,,,,519.68
,,,,,1465.32
322.01,14,14,1,322.01,1163.53
,,,,,706.19
,,,,,255.4
,,,,,589.7
,,,,,761.59
,,,,,765.32
,,,,,364.8
,,,,,1862
,,,,,369.2
,,,,,135.9
,,,,,125.65
,,,,,554.38
,,,,,1237.85
,,,,,655.75
,,,,,11138.71
257.22,21,21,1,257.22,211.55
,,,,,1366.38
98.5,27,27,1,98.5,1205.02
497.05,28,16,3,165.6833333,924.24
,,,,,332.66
,,,,,2810.63
,,,,,1025.44
,,,,,616.15
960.69,23,16,2,480.345,2540.41
,,,,,277.8
,,,,,434.35
7737.94,29,7,10,773.794,136087.12
,,,,,867.85
300.87,15,15,1,300.87,926.56
,,,,,307.48
,,,,,1268.98
,,,,,1610.15
,,,,,977.77
,,,,,1316.07
,,,,,749.1
,,,,,310.05
,,,,,223.88
,,,,,2372.86
,,,,,1257.68
363.53,21,21,1,363.53,
,,,,,1890.94
,,,,,1784.71
,,,,,8137.02
,,,,,1621.88
,,,,,5900.25
,,,,,100.9
,,,,,290.82
,,,,,1101.97
,,,,,371.2
,,,,,311.69
686.16,20,20,1,686.16,7413.33
,,,,,289.82
,,,,,336.17
,,,,,58.49
,,,,,499.68
,,,,,695.42
,,,,,221.27
1182.7,16,16,1,1182.7,5861.98
,,,,,126.7
,,,,,1487.8
,,,,,206.21
,,,,,599
,,,,,191.32
,,,,,463.8
,,,,,147.59
,,,,,1592.06
,,,,,1116.57
,,,,,114.77
,,,,,1314.45
,,,,,114.39
,,,,,279.94
,,,,,790.86
,,,,,1931.42
,,,,,102.12
,,,,,213.27
124.51,14,14,1,124.51,172.24
163.2,21,21,1,163.2,163.2
,,,,,334.54
,,,,,233.23
,,,,,546.2
,,,,,429.87
,,,,,490.52
631.65,23,23,1,631.65,1010.11
,,,,,1246.32
470.41,22,15,2,235.205,5846.16
,,,,,502.09
,,,,,156.91
,,,,,1261.78
,,,,,308.94
191.06,29,29,1,191.06,231.98
,,,,,260.17
,,,,,170.04
,,,,,125.58
111.25,23,23,1,111.25,384.96
,,,,,266
205.64,22,22,1,205.64,1709.18
,,,,,905.04
460.6,25,25,1,460.6,6342.16
491.22,23,23,1,491.22,1170.11
,,,,,377.01
,,,,,469
,,,,,1066.15
185.97,24,24,1,185.97,441.16
,,,,,518.28
,,,,,668.14
2770.6,22,22,1,2770.6,2188.5
,,,,,2586.67
842.9,9,9,1,842.9,3465.71
,,,,,252.73
,,,,,465.55
126.43,25,25,1,126.43,579.06
1317.76,24,16,2,658.88,18596.68
,,,,,180.35
,,,,,135.93
,,,,,537
2139.15,18,8,3,713.05,5561.08
,,,,,735.66
,,,,,5213.77
,,,,,343.62
98.7,24,24,1,98.7,285.35
,,,,,121.17
,,,,,1782.09
,,,,,1391.61
,,,,,215.78
,,,,,697.79
,,,,,302.1
,,,,,1489.5
,,,,,2124.99
,,,,,1337.72
,,,,,303.09
19950.66,28,15,4,4987.665,34583.48
209.08,15,15,1,209.08,778.78
,,,,,370.8
,,,,,3158.13
,,,,,893.59
,,,,,1744.76
,,,,,553.36
,,,,,1109.53
106.2,28,28,1,106.2,
,,,,,982.07
,,,,,1043.41
,,,,,748.87
,,,,,773.03
,,,,,880.85
818.65,24,10,2,409.325,8924.46
141.95,21,21,1,141.95,753.66
111.15,23,23,1,111.15,393.65
,,,,,88.2
,,,,,306.94
,,,,,1160.07
,,,,,2420.84
,,,,,381.32
,,,,,480.71
,,,,,457.81
623.73,28,28,1,623.73,3973.29
,,,,,1370.6
,,,,,219.39
,,,,,248.08
,,,,,39916.5
,,,,,410.48
700.8,29,22,2,350.4,175.2
102.28,15,15,1,102.28,215.25
,,,,,703.36
,,,,,1027.44
,,,,,2298.93
,,,,,1422.52
177.05,28,16,2,88.525,142.45
,,,,,1300.25
,,,,,484.95
,,,,,996.1
288.5,28,28,1,288.5,1278.98
,,,,,3609.33
,,,,,2760.56
,,,,,340.11
,,,,,1352.75
,,,,,1551.78
,,,,,244.8
,,,,,266.4
,,,,,358.82
,,,,,457.72
,,,,,1633.78
,,,,,2199.31
,,,,,184.19
,,,,,11528.48
,,,,,406.53
,,,,,1471
,,,,,3447.4
,,,,,330.11
,,,,,977.93
,,,,,982.42
,,,,,1387.99
,,,,,139.05
,,,,,1286.7
,,,,,178.96
,,,,,2354.25
,,,,,498.74
,,,,,259.45
,,,,,6580.44
,,,,,1194.73
,,,,,1327.16
,,,,,623.5
,,,,,301.29
,,,,,520.8
,,,,,5314.47
,,,,,4745.69
,,,,,329.25
,,,,,296.42
,,,,,961.49
1085.46,14,14,1,1085.46,850.61
,,,,,401.4
1860.98,17,17,1,1860.98,16780.03
158.16,13,13,1,158.16,
,,,,,304.47
,,,,,843.05
487.75,29,29,1,487.75,
,,,,,163
,,,,,106.56
,,,,,1289.5
,,,,,1624.05
,,,,,135.75
,,,,,224.14
,,,,,40.5
,,,,,2206.95
87.5,23,23,1,87.5,
,,,,,689.48
,,,,,622.85
,,,,,406.76
,,,,,310.62
,,,,,411.41
,,,,,4777.18
,,,,,16225.39
315,21,21,1,315,729.32
,,,,,499.32
1558.99,24,14,3,519.6633333,6057.54
,,,,,3861
556.5,14,14,1,556.5,523.11
,,,,,193.64
,,,,,1268.7
,,,,,1236.54
,,,,,1827.8
316.58,13,13,1,316.58,
,,,,,653.24
,,,,,420.3
65.4,9,9,1,65.4,804.72
,,,,,331.18
383.07,21,21,1,383.07,511.34
,,,,,101.8
,,,,,328.35
,,,,,1661.44
,,,,,734.94
,,,,,96.6
,,,,,5756.89
,,,,,305.75
,,,,,1778.96
403.25,22,22,1,403.25,
,,,,,585
,,,,,755.75
322.08,18,14,2,161.04,
,,,,,409.4
,,,,,154.41
,,,,,1219.4
,,,,,3386.71
,,,,,429.6
,,,,,612.06
,,,,,197
694.64,29,7,3,231.5466667,1552.87
,,,,,321.05
,,,,,1412.32
,,,,,1071.99
,,,,,780.59
,,,,,1706.57
,,,,,1756.44
,,,,,316.68
,,,,,631.57
,,,,,2515.84
186,14,14,1,186,328.15
,,,,,356
,,,,,6688.46
,,,,,10484.99
,,,,,740.78
,,,,,918.2
,,,,,300.36
,,,,,890.85
,,,,,98.45
,,,,,317.15
,,,,,623.16
420.5,28,28,1,420.5,1390.27
,,,,,254.82
,,,,,178.95
,,,,,156.51
,,,,,393.74
,,,,,1506.12
,,,,,119.3
,,,,,1717.36
,,,,,408.8
,,,,,2379.49
111.75,21,21,1,111.75,2395.32
,,,,,721.94
,,,,,716.57
,,,,,615.14
,,,,,135.31
,,,,,255.9
290.51,10,10,1,290.51,
,,,,,113.12
,,,,,2332.15
,,,,,240.55
,,,,,486.69
165.65,21,21,1,165.65,2140.87
,,,,,939.78
219.6,15,15,1,219.6,7723.62
648.9,29,13,2,324.45,4019.4
,,,,,180.94
,,,,,3672.86
,,,,,641.94
397.6,22,22,1,397.6,4402.3
1835.01,28,28,1,1835.01,2672
,,,,,496.44
673.37,24,24,1,673.37,4396.98
,,,,,574.02
123.15,24,24,1,123.15,571.25
,,,,,1174.35
,,,,,205.3
,,,,,310.47
2676.66,29,7,9,297.4066667,58091.24
289.74,10,10,1,289.74,635.11
,,,,,52
,,,,,327.97
,,,,,570.5
,,,,,165
,,,,,312.62
,,,,,204.5
,,,,,267.13
,,,,,2748.31
,,,,,679.68
,,,,,162.29
,,,,,311.71
,,,,,208.75
,,,,,1049.7
,,,,,714.96
1661.06,25,22,2,830.53,
,,,,,1028.56
,,,,,351.67
,,,,,173.97
,,,,,574.07
,,,,,2020.52
,,,,,406.09
,,,,,364.5
,,,,,563.94
,,,,,393.54
,,,,,252.42
201.6,22,22,1,201.6,
,,,,,158.04
,,,,,473.81
115.65,29,29,1,115.65,
274.67,25,25,1,274.67,1685.44
311.65,23,23,1,311.65,465.37
,,,,,277.05
365.54,24,16,2,182.77,2400.96
624.55,21,21,1,624.55,7722.65
,,,,,427.93
418.92,17,17,1,418.92,
326,28,28,1,326,
,,,,,913.19
,,,,,2314.32
105.54,14,14,1,105.54,496.97
,,,,,1877.59
,,,,,446.94
,,,,,2386.05
,,,,,2007.4
537.1,27,15,2,268.55,1878.81
,,,,,168
,,,,,1233.36
1491.46,14,14,1,1491.46,2211.83
230.1,21,21,1,230.1,1460.16
,,,,,596.85
,,,,,5955.71
303.57,15,15,1,303.57,338.84
,,,,,316.88
,,,,,394.14
,,,,,140.54
,,,,,500
338.98,16,16,1,338.98,1196.55
,,,,,231.86
587.66,14,14,1,587.66,1595.88
,,,,,107.45
,,,,,288.18
,,,,,94
,,,,,1345.53
,,,,,815.77
,,,,,716.2
,,,,,626.77
,,,,,349.1
,,,,,510.71
,,,,,1056.44
,,,,,267.18
,,,,,3450.84
,,,,,1358.88
,,,,,190.53
,,,,,774.9
,,,,,572.81
,,,,,3984.32
,,,,,508.8
,,,,,135.86
,,,,,950.36
,,,,,97.7
,,,,,43.5
,,,,,383.34
411.42,25,25,1,411.42,1035.97
,,,,,1483.14
,,,,,93.78
,,,,,397.35
,,,,,171.19
,,,,,533.3
,,,,,1041.48
,,,,,149.29
,,,,,1122.53
,,,,,200.16
,,,,,156.58
,,,,,383.68
,,,,,594
,,,,,3236.91
,,,,,1418.26
,,,,,113.5
,,,,,155.17
,,,,,494.64
,,,,,974.52
,,,,,429.84
,,,,,538.73
,,,,,1388.37
179.1,18,18,1,179.1,
243.22,15,15,1,243.22,204
,,,,,237.07
,,,,,161.64
216.76,10,10,1,216.76,
,,,,,234.6
,,,,,126.14
,,,,,1048.85
867.85,25,15,2,433.925,6486.77
,,,,,334.53
,,,,,524.88
,,,,,467.51
,,,,,538.55
,,,,,469.48
,,,,,371.56
,,,,,1771.2
,,,,,454.11
,,,,,1441.42
,,,,,905.5
723.64,14,14,1,723.64,10331.32
,,,,,233.81
,,,,,3594.31
950.09,29,29,1,950.09,1624.91
,,,,,91.32
,,,,,1134.28
,,,,,3100.09
,,,,,659.46
,,,,,2001.8
,,,,,1299.23
,,,,,1262.2
976.72,22,22,1,976.72,12339.68
,,,,,1131.56
929.4,25,24,2,464.7,9455.53
147.09,18,18,1,147.09,
,,,,,52.83
,,,,,3610.96
,,,,,979.26
,,,,,492.36
,,,,,1000.27
,,,,,250
,,,,,909.23
101.2,15,15,1,101.2,19.8
1313.5,29,21,2,656.75,13444.72
1884.71,20,16,2,942.355,2254.75
,,,,,62.43
,,,,,267.03
,,,,,1942.45
,,,,,343.5
,,,,,3000.2
,,,,,398.84
,,,,,412.01
,,,,,440
313.93,29,29,1,313.93,511.99
,,,,,148.44
221.4,10,10,1,221.4,2208.38
,,,,,229.33
321.46,22,20,2,160.73,3673.77
,,,,,1502.35
,,,,,2007.44
356.35,14,14,1,356.35,1224.58
,,,,,807.57
,,,,,536.4
,,,,,110.92
,,,,,538.46
,,,,,213.3
,,,,,85.13
,,,,,127.86
354.54,28,28,1,354.54,3192.17
135.33,27,27,1,135.33,157.39
767.37,18,18,1,767.37,4187.47
,,,,,1693.26
,,,,,575.63
,,,,,436.06
,,,,,90.12
,,,,,437.23
,,,,,217.2
989.82,25,17,3,329.94,3815.35
,,,,,279.77
,,,,,473.65
,,,,,800.59
134.55,7,7,1,134.55,
270.19,14,14,1,270.19,1130.25
,,,,,173.16
,,,,,186.01
,,,,,758.29
,,,,,1375.71
1064.64,25,13,3,354.88,3100.88
,,,,,650.43
,,,,,2552.86
,,,,,607.45
590.15,28,14,2,295.075,112.1
,,,,,940.67
,,,,,258.88
,,,,,127.1
,,,,,348.6
325.96,22,9,3,108.6533333,3354.01
,,,,,682.91
,,,,,725.11
,,,,,455.3
344.88,7,7,1,344.88,568.8
,,,,,478.53
,,,,,388.58
,,,,,199.8
,,,,,1771.78
402.32,21,21,1,402.32,1004.27
,,,,,324.57
,,,,,240.68
,,,,,761.74
1236.45,28,14,2,618.225,5540.11
152.55,24,16,2,76.275,1145.32
,,,,,48.48
,,,,,216.39
194.85,29,29,1,194.85,1003.38
,,,,,2920.16
,,,,,104.76
,,,,,1093.68
,,,,,298.48
,,,,,112.46
,,,,,1591.45
,,,,,195.15
1081.19,15,15,1,1081.19,9318.55
,,,,,776.851
,,,,,336.4
424.49,14,14,1,424.49,1128.69
,,,,,1293.03
,,,,,3709.56
,,,,,301.03
,,,,,588.13
,,,,,1534.26
,,,,,675.8
319.18,22,22,1,319.18,2551.06
,,,,,1186.35
,,,,,3285.31
,,,,,243.55
,,,,,724.76
,,,,,223.36
,,,,,425.32
2766.69,28,11,3,922.23,9748.97
308.37,15,15,1,308.37,1578.83
,,,,,664
,,,,,813
,,,,,612.01
189.8,28,28,1,189.8,257.84
,,,,,657.35
510,23,23,1,510,306
,,,,,646.3
,,,,,337.74
,,,,,877.44
,,,,,922.53
,,,,,560.67
,,,,,748.5
,,,,,30
306.2,28,28,1,306.2,717.9
,,,,,306.45
209.3,21,21,1,209.3,1391.56
,,,,,309.8
,,,,,138.14
,,,,,386.43
,,,,,2242.01
,,,,,301.32
,,,,,76.32
,,,,,684.34
,,,,,173.05
,,,,,2657.13
,,,,,2881.02
,,,,,2446.6
,,,,,323.69
,,,,,3435.76
,,,,,657.23
,,,,,352.7
,,,,,781.28
478.89,22,22,1,478.89,854.79
,,,,,1426.16
,,,,,193.75
,,,,,2993.1
103.5,17,17,1,103.5,150.6
,,,,,239.76
,,,,,136.8
,,,,,191.04
847.33,28,16,3,282.4433333,5632.07
,,,,,409.98
,,,,,2736.46
,,,,,309.65
,,,,,696.68
,,,,,1542.14
,,,,,211.5
,,,,,2293.62
,,,,,143.1
,,,,,1060.56
,,,,,945.58
350.68,25,25,1,350.68,3013.56
,,,,,133.25
,,,,,1072.36
171.15,22,22,1,171.15,185.55
,,,,,330.88
547.1,25,25,1,547.1,571.71
,,,,,150.3
,,,,,5045.61
,,,,,598.73
,,,,,507.08
,,,,,2222.56
203.1,20,20,1,203.1,
,,,,,218.25
,,,,,415.25
1536.85,15,15,1,1536.85,3642.11
,,,,,85
,,,,,1120.88
138.1,28,28,1,138.1,156.02
,,,,,162.3
,,,,,1339.45
,,,,,1205.12
329.65,28,28,1,329.65,4482.77
,,,,,449.12
,,,,,154.88
,,,,,784.46
,,,,,34.8
,,,,,1094.59
,,,,,196.88
,,,,,974.04
,,,,,149.31
,,,,,44534.3
340.52,22,22,1,340.52,2124.96
259.65,28,28,1,259.65,2377.73
,,,,,79.2
,,,,,458.57
,,,,,2364.25
,,,,,532.96
,,,,,714.42
,,,,,205.25
97.24,14,14,1,97.24,155.8
,,,,,583.75
,,,,,1086.92
,,,,,3279.97
,,,,,315.06
,,,,,621.83
91.8,27,27,1,91.8,56160.92
,,,,,635.68
,,,,,270.8
,,,,,104.9
,,,,,241.62
365.55,17,17,1,365.55,681.56
177.15,13,13,1,177.15,298.13
,,,,,345.46
,,,,,2614.74
,,,,,246.3
,,,,,2328.97
,,,,,4932.2
,,,,,948.05
351.3,14,14,1,351.3,
,,,,,220.85
,,,,,1612.69
,,,,,965.61
,,,,,610.01
,,,,,2711.56
,,,,,2207.4
,,,,,884.14
,,,,,699.08
,,,,,1063.95
,,,,,451.42
,,,,,415.82
,,,,,4206.39
370.8,20,20,1,370.8,5157.68
,,,,,784.58
,,,,,903.9
2249.85,25,17,2,1124.925,1485.12
,,,,,515.77
,,,,,1391.98
438.8,21,13,2,219.4,1779.82
,,,,,1801.14
,,,,,1303.91
,,,,,1945.33
,,,,,2100.6
,,,,,1905.45
,,,,,206.98
,,,,,570.96
440.2,15,15,1,440.2,445.27
15,28,28,1,15,
,,,,,532.94
,,,,,1654.31
190.93,28,28,1,190.93,1645.16
,,,,,636.14
,,,,,576
,,,,,801.76
,,,,,836.79
,,,,,2233.75
,,,,,954.09
,,,,,137.37
,,,,,391.98
957.5,23,23,1,957.5,32685.58
,,,,,1048.49
,,,,,355.56
,,,,,1224.06
,,,,,118.95
,,,,,130.74
,,,,,3711.77
,,,,,389.27
,,,,,238.85
,,,,,160.71
,,,,,110.8
230.1,17,17,1,230.1,2744.55
,,,,,712.24
3281.31,21,7,3,1093.77,13106.26
,,,,,297
383.93,23,23,1,383.93,1054.92
102.66,24,24,1,102.66,874.55
,,,,,3165.36
354.23,29,29,1,354.23,478.65
,,,,,68.84
,,,,,1936.32
,,,,,895.13
,,,,,230.53
557.22,25,10,3,185.74,3255.42
,,,,,149.64
,,,,,354.09
,,,,,360.93
,,,,,4405.88
,,,,,493.28
343.28,25,25,1,343.28,
155.25,20,17,2,77.625,346.14
371.32,24,24,1,371.32,145.04
,,,,,396.48
,,,,,379.35
,,,,,181.09
,,,,,168.31
297.92,25,25,1,297.92,148.95
,,,,,524.52
156.74,25,25,1,156.74,106.81
,,,,,179.17
,,,,,222.05
521.69,24,23,2,260.845,867.19
56.25,24,24,1,56.25,
,,,,,351.11
,,,,,363.88
,,,,,5126.76
,,,,,164.68
,,,,,1567.69
,,,,,967.45
,,,,,191.94
,,,,,1232.18
,,,,,264.62
232.45,22,22,1,232.45,1295.64
,,,,,123.1
,,,,,334.23
270.72,24,24,1,270.72,369.17
,,,,,167.5
,,,,,336.03
369.5,29,29,1,369.5,
127.08,28,28,1,127.08,
,,,,,207.15
,,,,,426.63
,,,,,2495.87
,,,,,1107.46
,,,,,416.86
,,,,,145.35
,,,,,404.58
,,,,,6115.01
,,,,,35.8
,,,,,337.44
,,,,,325.1
181,21,21,1,181,
,,,,,1708.24
,,,,,955.24
,,,,,364.72
428.82,15,15,1,428.82,1336.69
,,,,,708.22
,,,,,806.57
209.84,25,25,1,209.84,1449.54
572.38,28,28,1,572.38,3843.88
,,,,,428.89
,,,,,104.35
,,,,,470.76
156.19,23,23,1,156.19,689.45
,,,,,418.83
,,,,,666.1
,,,,,314.1
,,,,,4199.85
307.82,22,22,1,307.82,
,,,,,3442.15
,,,,,371.01
,,,,,430.94
,,,,,1054.73
,,,,,1098.78
,,,,,2398.86
,,,,,3408.48
1148.27,29,16,3,382.7566667,326.75
122.7,24,24,1,122.7,2714.97
,,,,,1142.42
,,,,,168.12
113.48,24,24,1,113.48,1337.8
,,,,,158.03
,,,,,792.11
,,,,,41.99
,,,,,2797.57
,,,,,427.07
263.25,22,22,1,263.25,797.43
863.39,18,18,1,863.39,2226.58
,,,,,12393.7
1181,15,15,1,1181,1554.37
,,,,,615.39
,,,,,101.4
,,,,,1701.94
,,,,,478.78
,,,,,992.71
110.1,18,18,1,110.1,297.4
406.1,22,18,2,203.05,2956.61
,,,,,1415.29
2973,27,13,3,991,34157.6
,,,,,662.38
,,,,,705.39
382.27,22,22,1,382.27,1126.49
,,,,,211.88
,,,,,408.9
219.1,20,20,1,219.1,3567.14
,,,,,851.01
,,,,,628.28
,,,,,719.81
,,,,,251.24
,,,,,439.66
,,,,,236.09
,,,,,934.62
13112.52,29,9,4,3278.13,67912.32
,,,,,331.24
,,,,,548.94
309.69,25,16,2,154.845,8506.71
,,,,,437.7
,,,,,758.92
300.46,14,14,1,300.46,554.56
,,,,,471.78
,,,,,1313.55
,,,,,3166.4
,,,,,1197.27
,,,,,773.99
,,,,,1340.7
256.44,29,29,1,256.44,
,,,,,1111.79
,,,,,137.9
,,,,,362.06
,,,,,1511.95
,,,,,783.9
,,,,,134.8
,,,,,664.85
,,,,,2263.12
118.25,23,23,1,118.25,1341.61
247.56,20,20,1,247.56,906.06
,,,,,335.32
372.09,21,21,1,372.09,
,,,,,1521.87
,,,,,852.15
,,,,,326.24
,,,,,584.32
,,,,,122.4
,,,,,2234.73
,,,,,79.2
,,,,,1352
,,,,,217.16
157.6,22,22,1,157.6,2649.3
337.98,16,16,1,337.98,979.64
,,,,,436.18
,,,,,981.51
177.26,23,23,1,177.26,944.13
,,,,,315.06
,,,,,817.86
,,,,,17
,,,,,1078.23
,,,,,320.62
,,,,,185.05
430.6,29,29,1,430.6,1575.03
,,,,,731.9
,,,,,1290.7
,,,,,1842.14
,,,,,1429.64
,,,,,302.36
,,,,,336.96
,,,,,108.38
,,,,,3204.16
,,,,,842.5
,,,,,611.88
,,,,,1337.48
,,,,,195.74
,,,,,161.38
,,,,,135.75
,,,,,1667.97
,,,,,612.78
,,,,,232.21
,,,,,423.36
,,,,,1309.14
,,,,,867.11
105.72,22,22,1,105.72,578.7
,,,,,307.78
,,,,,249
289.35,23,23,1,289.35,
,,,,,6287.77
,,,,,656.25
,,,,,1880.22
,,,,,3506.54
,,,,,14589.04
283.53,15,15,1,283.53,334.56
,,,,,517.55
,,,,,709.38
,,,,,635.41
124.14,27,27,1,124.14,601.04
,,,,,620.4
,,,,,535.34
811.35,25,10,2,405.675,1613.59
,,,,,175.2
302.78,15,15,1,302.78,3496.71
,,,,,734.13
,,,,,375
,,,,,76.32
,,,,,280.52
393.42,28,28,1,393.42,1659.6
,,,,,1829.04
215.01,10,10,1,215.01,1609.22
,,,,,3122.04
,,,,,656.69
,,,,,348.2
,,,,,1025.44
576.3,24,15,3,192.1,4999.26
,,,,,37.4
441.6,21,21,1,441.6,415
,,,,,822.48
275.8,25,25,1,275.8,3511.8
,,,,,1822.97
,,,,,1885.05
,,,,,73.2
,,,,,1140.21
,,,,,1418.32
,,,,,1009.55
,,,,,1037.59
,,,,,331.95
,,,,,197.9
,,,,,215.83
,,,,,10254.18
,,,,,305.54
,,,,,6617.65
,,,,,338.71
,,,,,1158.79
,,,,,529.41
307.68,28,28,1,307.68,3699.26
,,,,,6911.44
,,,,,981.86
,,,,,215.48
,,,,,215.08
627.6,16,16,1,627.6,4552.92
,,,,,314.45
,,,,,400.681
,,,,,1080.62
,,,,,1863.47
365.27,16,16,1,365.27,
170.7,28,28,1,170.7,422.2
,,,,,405.71
,,,,,761.38
,,,,,537.06
,,,,,394.38
,,,,,664.26
,,,,,2262.62
7000.64,29,14,4,1750.16,14085.66
,,,,,547.02
,,,,,690.34
,,,,,159
,,,,,1062.75
,,,,,242.35
,,,,,914.93
,,,,,304.25
471.3,29,29,1,471.3,2613.38
166.74,23,23,1,166.74,698.12
,,,,,846.72
,,,,,1295.3
,,,,,1096.32
,,,,,255.12
,,,,,314.22
,,,,,1010.6
,,,,,542.03
,,,,,990.88
147.4,22,22,1,147.4,389.28
,,,,,867.31
,,,,,432.2
,,,,,414.2
,,,,,3718.8
277.65,25,25,1,277.65,2330.22
,,,,,3603.21
,,,,,409.1
1056.63,28,28,1,1056.63,466.12
,,,,,1413.66
,,,,,114.56
,,,,,152.94
,,,,,1800.07
226.14,29,29,1,226.14,163.3
,,,,,3683.86
374.25,21,21,1,374.25,2245.66
,,,,,752.43
,,,,,46.95
,,,,,5203.51
,,,,,1035.45
,,,,,746.83
840.81,20,20,1,840.81,4606.19
,,,,,861.89
,,,,,667.65
1141.24,9,9,1,1141.24,
133.22,14,14,1,133.22,1296.02
,,,,,411.7
357.95,29,29,1,357.95,
,,,,,559.87
,,,,,810.6
,,,,,566.38
,,,,,1509.58
,,,,,2062.06
,,,,,168.3
,,,,,1570.81
,,,,,823.97
,,,,,142.5
,,,,,302.25
378.75,23,23,1,378.75,1870.24
,,,,,1328.55
,,,,,301.9
,,,,,598.2
,,,,,233.22
,,,,,5360.63
,,,,,361.22
68.1,23,23,1,68.1,564.17
,,,,,2560
,,,,,706.57
,,,,,616.26
,,,,,274.15
,,,,,226.37
308.22,14,14,1,308.22,2630.69
,,,,,1341.65
,,,,,328.15
,,,,,404.4
,,,,,1038.46
,,,,,373.65
,,,,,326.75
,,,,,207.5
,,,,,428.68
,,,,,594.24
,,,,,3110.96
535.6,25,25,1,535.6,3308.62
,,,,,251.91
,,,,,1593.2
,,,,,26626.8
,,,,,151.05
,,,,,214.8
,,,,,109.95
,,,,,549.07
,,,,,1971.87
,,,,,322.41
,,,,,370.48
,,,,,101.1
,,,,,575.41
,,,,,887.65
,,,,,1469.45
,,,,,53.5
,,,,,1116.47
,,,,,153.9
,,,,,494.44
510,25,10,4,127.5,6165.71
,,,,,395.8
,,,,,211.77
,,,,,658.88
,,,,,2027.5
,,,,,1750.92
,,,,,3512.53
,,,,,896.66
,,,,,734.77
,,,,,109.36
,,,,,707.04
368.46,23,15,2,184.23,1171.96
,,,,,327.3
170.91,18,18,1,170.91,633.58
,,,,,497.43
,,,,,1553.66
,,,,,1320.56
,,,,,367.93
,,,,,473.03
,,,,,987.01
,,,,,676.2
,,,,,362.95
,,,,,2157.4
,,,,,1780.59
,,,,,668.36
,,,,,584.5
148.23,22,22,1,148.23,407.66
,,,,,317.2
,,,,,94.36
,,,,,1382.07
,,,,,221.19
291.55,25,18,2,145.775,2754.66
,,,,,1555.34
,,,,,1486.9
,,,,,1705.8
,,,,,408.57
,,,,,303.93
,,,,,4098.32
211.8,25,25,1,211.8,87.8
,,,,,177.5
,,,,,443.05
,,,,,167.25
,,,,,163.07
,,,,,2126.93
,,,,,2028.88
131.5,25,25,1,131.5,83.15
,,,,,151.83
,,,,,262.2
,,,,,126.25
,,,,,210.35
,,,,,1051.4
,,,,,675.27
,,,,,972.23
2025.32,25,10,3,675.1066667,32659.08
,,,,,346.12
,,,,,133.56
,,,,,302.7
,,,,,1908.25
,,,,,241.06
,,,,,284.55
,,,,,300.85
,,,,,642.81
,,,,,287.4
,,,,,184.26
,,,,,1522.25
,,,,,798.35
,,,,,3640.67
,,,,,381.2
151.66,16,16,1,151.66,465.13
,,,,,654.67
,,,,,230.51
,,,,,168472.5
,,,,,259.01
,,,,,188.89
,,,,,707.69
,,,,,311.92
,,,,,266.97
,,,,,6.9
531.98,27,17,2,265.99,1309.2
787.4,29,29,1,787.4,1370.97
,,,,,208.36
193.9,16,16,1,193.9,3288.84
,,,,,814.72
,,,,,151.42
,,,,,136
,,,,,1422.4
,,,,,1314.68
,,,,,1603.46
,,,,,74.9
,,,,,650.43
216.34,14,14,1,216.34,546.05
,,,,,223.95
,,,,,316.11
,,,,,1871.5
,,,,,544.3
544.4,27,8,2,272.2,1950.06
,,,,,331
,,,,,300.83
,,,,,769.29
,,,,,220.62
,,,,,139.35
,,,,,404.3
,,,,,363.65
,,,,,498.8
,,,,,731.5
,,,,,1351.63
,,,,,826.53
,,,,,684.41
,,,,,1599.52
,,,,,2965.69
,,,,,100.97
365.45,20,16,2,182.725,
,,,,,400.86
488.09,16,16,1,488.09,943.84
,,,,,484.38
,,,,,777.6
,,,,,90.3
,,,,,363.7
248.1,28,28,1,248.1,
,,,,,950.26
,,,,,874.59
,,,,,1627.13
,,,,,101.7
,,,,,162.7
,,,,,484.32
103.7,21,21,1,103.7,111.38
325.76,21,21,1,325.76,720.81
,,,,,9418.47
802.44,22,14,2,401.22,12225.01
,,,,,290.36
,,,,,228.06
,,,,,244.41
,,,,,455.25
92.82,16,16,1,92.82,1151.77
,,,,,6748.8
,,,,,1095.56
,,,,,593.75
,,,,,548.97
747.25,29,14,2,373.625,641.56
,,,,,119.62
,,,,,339.3
299.4,28,28,1,299.4,487.75
,,,,,4154.64
554.66,24,24,1,554.66,1744.31
,,,,,922.12
95.29,29,29,1,95.29,284.44
1609.44,16,16,1,1609.44,4110.38
,,,,,837.1
,,,,,285.89
310.85,16,16,1,310.85,3002.94
,,,,,281.85
880.55,22,13,2,440.275,7457.94
332.18,14,14,1,332.18,509.23
,,,,,511.12
,,,,,1077.74
173.7,20,20,1,173.7,
,,,,,614.66
,,,,,865.6
,,,,,124.2
,,,,,3738.4
,,,,,1421.69
,,,,,1009.6
,,,,,663.61
,,,,,451.44
,,,,,105.84
,,,,,313.62
233.45,29,29,1,233.45,
,,,,,936.08
,,,,,463.95
,,,,,225.15
,,,,,459.24
,,,,,213.5
,,,,,4113.68
,,,,,330.03
,,,,,181.09
,,,,,360.16
120.65,22,22,1,120.65,129.5
,,,,,90.04
,,,,,145.05
,,,,,813.52
,,,,,244.8
,,,,,528.08
,,,,,482.47
654.82,14,13,2,327.41,2692.89
,,,,,5493.46
,,,,,75.66
,,,,,129.49
,,,,,1187.66
,,,,,618.59
,,,,,506.19
,,,,,500.42
,,,,,151.85
,,,,,2647.59
,,,,,226.21
,,,,,178.96
,,,,,813.48
,,,,,129.45
,,,,,810.57
,,,,,333.08
,,,,,4413.1
,,,,,322.8
,,,,,2188.05
,,,,,417.73
,,,,,2883.1
164.8,28,28,1,164.8,53.1
,,,,,1154.47
70.8,24,15,2,35.4,1609.92
,,,,,1257.51
,,,,,231.1
,,,,,688.33
,,,,,487.51
,,,,,833.78
,,,,,214.06
,,,,,290.66
,,,,,518.42
,,,,,6773.97
,,,,,1212.66
227.4,24,24,1,227.4,373.87
,,,,,3794.52
428.76,20,20,1,428.76,8197.04
,,,,,933.62
123.24,24,24,1,123.24,
,,,,,39.12
,,,,,1267.65
135.4,18,18,1,135.4,
,,,,,118.98
,,,,,570.13
,,,,,306.72
,,,,,1374.87
403.61,14,14,1,403.61,3692.29
,,,,,1692.27
,,,,,8134.94
,,,,,319.61
,,,,,1592.12
,,,,,3109.99
129.75,22,22,1,129.75,
,,,,,183.7
,,,,,1770.34
,,,,,1028
3113.4,14,10,3,1037.8,63540.16
,,,,,324.24
364.98,11,11,1,364.98,2697.85
,,,,,1260.86
,,,,,422.6
,,,,,225.58
,,,,,1276
,,,,,482.01
,,,,,657.9
,,,,,112.75
,,,,,1998
336.94,22,22,1,336.94,4739.61
476.76,17,17,1,476.76,4921.54
1131.72,14,14,1,1131.72,12903.27
,,,,,531.35
,,,,,656.63
,,,,,3029.87
524.97,24,16,2,262.485,1958.07
214.2,13,13,1,214.2,1436.83
,,,,,3645.43
758.54,22,10,2,379.27,6164.59
,,,,,1161.53
,,,,,301.72
,,,,,901.2
307.25,22,22,1,307.25,3551.13
623.75,25,25,1,623.75,
430.73,24,24,1,430.73,1359.69
,,,,,155.24
,,,,,292.47
799.52,24,22,2,399.76,3931.29
,,,,,589.15
327.2,27,15,2,163.6,453.82
129.57,17,17,1,129.57,1252.45
272.82,20,20,1,272.82,
,,,,,1054.67
,,,,,7239.92
,,,,,743.11
,,,,,603.75
,,,,,650.51
,,,,,2300.56
,,,,,417.6
,,,,,3.75
,,,,,323
,,,,,464.9
430.28,14,14,1,430.28,1807.81
,,,,,1304.76
,,,,,7194.3
311.64,14,14,1,311.64,6386.02
,,,,,836.06
,,,,,1515.9
,,,,,623.93
,,,,,1764.72
207.5,28,28,1,207.5,
,,,,,223.92
2002.4,28,28,1,2002.4,
,,,,,1496.83
,,,,,239.4
,,,,,106.83
,,,,,369.34
,,,,,789.79
,,,,,316.62
,,,,,1501.38
,,,,,611.85
,,,,,2799.25
,,,,,34
,,,,,1145.6
,,,,,5580.6
,,,,,478.09
,,,,,380.39
262.2,28,14,2,131.1,507.9
,,,,,2246.81
,,,,,171.59
,,,,,661.52
231.9,23,23,1,231.9,1463.76
,,,,,388.28
,,,,,226.35
,,,,,245.94
687.83,22,18,2,343.915,9941.89
,,,,,425.19
311.25,28,28,1,311.25,
577.99,21,15,2,288.995,1701.91
,,,,,107.6
,,,,,597.48
,,,,,80.8
,,,,,1545.62
,,,,,1721.78
,,,,,110.38
,,,,,243.84
,,,,,1222.71
414.88,21,21,1,414.88,
,,,,,305.62
,,,,,1201.49
,,,,,1619.73
,,,,,332.3
,,,,,536.99
214.77,16,16,1,214.77,245.82
,,,,,801.49
,,,,,1121.59
,,,,,288.42
,,,,,914.69
,,,,,309.54
,,,,,547.07
479.35,16,16,1,479.35,
,,,,,1692.98
273.29,25,25,1,273.29,6235.81
75.78,14,14,1,75.78,341.28
367.3,24,15,2,183.65,1237.45
,,,,,3349.57
,,,,,497.61
,,,,,358.38
,,,,,460.64
,,,,,775.18
,,,,,341.7
,,,,,128.5
,,,,,197.22
,,,,,325.91
,,,,,199.15
,,,,,1106.53
,,,,,413.46
81.75,29,29,1,81.75,99.1
,,,,,251.87
,,,,,3170.98
,,,,,588.85
552.24,25,25,1,552.24,16042.11
,,,,,1869.82
,,,,,1264.19
,,,,,10196.57
,,,,,214.32
,,,,,193.44
,,,,,281.42
,,,,,124.57
,,,,,332.41
,,,,,342.45
,,,,,144.91
,,,,,328.4
,,,,,35.4
375.69,24,24,1,375.69,
,,,,,747.81
,,,,,173.76
164.25,22,22,1,164.25,338.55
,,,,,207.74
,,,,,825.42
,,,,,2812.34
,,,,,680.02
2157.64,20,20,1,2157.64,4965.98
,,,,,2095.53
,,,,,853.72
,,,,,13.3
,,,,,1519.08
,,,,,432
,,,,,705.12
128.03,27,27,1,128.03,148.7
,,,,,429.84
190.65,13,13,1,190.65,280.86
,,,,,194.88
,,,,,1578.67
232.26,27,27,1,232.26,577.44
,,,,,525.54
145.93,22,22,1,145.93,
,,,,,219.14
,,,,,289.78
116.08,24,24,1,116.08,392.73
170.55,16,16,1,170.55,1111.01
,,,,,887.11
,,,,,1706.88
,,,,,373.24
338.7,23,23,1,338.7,3415.57
254.4,27,27,1,254.4,2848.03
,,,,,579.77
182.02,21,21,1,182.02,799.63
,,,,,379.14
,,,,,1510.06
,,,,,2575.38
,,,,,113.44
,,,,,208.46
,,,,,621.68
198.08,28,28,1,198.08,378.18
,,,,,391.52
,,,,,1068.82
540.01,24,16,2,270.005,2056.44
,,,,,169.79
550.5,18,18,1,550.5,6697.11
,,,,,846.75
230.25,27,27,1,230.25,
218.1,17,17,1,218.1,324.95
116.25,29,29,1,116.25,2731.35
,,,,,1295.39
,,,,,380.55
364.66,25,13,2,182.33,4239.56
,,,,,161.94
,,,,,563.23
,,,,,950.93
,,,,,262.68
,,,,,2736.38
,,,,,3049.88
,,,,,1920.59
,,,,,816.73
279.85,14,14,1,279.85,4065.65
,,,,,406.48
,,,,,435.02
,,,,,1286.27
172,23,23,1,172,1006.56
,,,,,1277.75
,,,,,167.61
,,,,,20.8
346.8,15,15,1,346.8,1738.28
189.1,29,24,2,94.55,329.57
,,,,,308.74
,,,,,416.64
,,,,,117.35
,,,,,507.05
,,,,,234.17
,,,,,110.55
,,,,,201.19
,,,,,2154.97
,,,,,319.02
,,,,,439.43
,,,,,650.41
,,,,,357.21
,,,,,251.52
,,,,,344.33
,,,,,1852
,,,,,1078.96
,,,,,384.06
163.49,25,25,1,163.49,1767.76
,,,,,4481.35
933.32,14,14,1,933.32,4530.8
,,,,,1873.2
,,,,,1625.05
,,,,,126.12
,,,,,1133.25
,,,,,179
,,,,,1614.31
127.54,9,9,1,127.54,1329.42
,,,,,702
,,,,,295
,,,,,484.82
397.96,14,14,1,397.96,3591.61
,,,,,1493.73
,,,,,1412.94
,,,,,781.78
207.12,13,13,1,207.12,682.81
,,,,,195.36
,,,,,270.9
,,,,,586.33
,,,,,1842.56
2357.64,28,16,4,589.41,6336.62
,,,,,920.1
358.82,24,24,1,358.82,913.79
,,,,,71
,,,,,95.85
160.97,29,29,1,160.97,196.8
33.15,25,25,1,33.15,121.68
,,,,,890.29
,,,,,716
,,,,,146.87
,,,,,380.35
307.8,15,15,1,307.8,722.34
,,,,,745.52
,,,,,433.53
,,,,,1267.32
,,,,,112.4
,,,,,449.73
304.5,16,16,1,304.5,777.07
,,,,,1044.38
,,,,,1735.18
,,,,,948.48
,,,,,339.44
,,,,,642.02
,,,,,1100.9
,,,,,925.35
,,,,,5659.98
,,,,,3228.84
,,,,,247.14
,,,,,413.75
,,,,,498.48
,,,,,1356.33
,,,,,1179.89
722.36,25,25,1,722.36,2372.68
,,,,,234.24
,,,,,5232.23
435.73,25,14,3,145.2433333,102.64
,,,,,1461.14
,,,,,859.35
297.45,24,14,2,148.725,4254.69
583.2,29,10,2,291.6,2126.5
,,,,,312.14
,,,,,2429.03
,,,,,1446.09
,,,,,834.12
151.5,20,20,1,151.5,689.58
,,,,,378.2
,,,,,118.8
,,,,,287.62
,,,,,290.16
,,,,,2003.85
,,,,,1405.78
,,,,,2949.75
740.44,18,10,2,370.22,826.21
,,,,,2050.08
,,,,,1991.01
61.2,10,10,1,61.2,1982.75
293.45,23,23,1,293.45,3534.31
,,,,,1777.78
,,,,,302
,,,,,1324.16
,,,,,1022.13
174.72,21,21,1,174.72,779.7
,,,,,971.74
,,,,,1621.73
,,,,,25.5
,,,,,665.78
,,,,,10815.43
,,,,,885.04
,,,,,163.3
,,,,,248.61
,,,,,808.62
,,,,,837.5
,,,,,116.2
,,,,,157.02
,,,,,606.91
,,,,,307.46
,,,,,138.32
,,,,,345.3
,,,,,298.89
,,,,,259.35
212.6,18,18,1,212.6,792.15
,,,,,157.09
,,,,,2463.17
,,,,,4892.24
,,,,,425
215.58,27,27,1,215.58,924.15
,,,,,380.5
,,,,,10668.47
,,,,,465.32
,,,,,579
,,,,,984.57
298.25,14,14,1,298.25,451.53
,,,,,1714.59
,,,,,124.88
,,,,,1689.5
,,,,,213.78
,,,,,329.34
,,,,,251.7
,,,,,319
413.79,16,16,1,413.79,853.18
,,,,,1538.88
,,,,,3518.03
,,,,,1715.46
,,,,,293.1
,,,,,2467.35
,,,,,158.68
,,,,,206.34
,,,,,835.78
,,,,,224.91
,,,,,317.76
,,,,,3766.6
,,,,,59.9
,,,,,1443.69
,,,,,306.13
243,17,17,1,243,468.79
,,,,,796.03
155.52,29,29,1,155.52,84.4
,,,,,3347.31
,,,,,144
,,,,,203.95
513.64,18,18,1,513.64,1960.59
227.22,15,15,1,227.22,157.18
,,,,,444.74
510.11,24,24,1,510.11,1585.02
,,,,,1699.3
252.62,16,16,1,252.62,10
,,,,,1013.01
521.66,27,21,2,260.83,170.56
,,,,,342.63
,,,,,3563.85
,,,,,1564.56
,,,,,384.08
,,,,,204.24
779.71,25,9,3,259.9033333,1537.51
,,,,,226.85
615.85,22,9,2,307.925,2165.38
171.05,15,15,1,171.05,898.07
,,,,,113.5
606.28,24,11,3,202.0933333,1354.44
,,,,,114.23
317.5,20,20,1,317.5,2880.75
,,,,,335.13
,,,,,354.15
292.84,24,24,1,292.84,133.95
,,,,,393.49
142.25,24,24,1,142.25,797.07
355.95,28,23,2,177.975,1550.14
,,,,,318.76
2760.01,15,10,2,1380.005,878.4
232.01,17,17,1,232.01,2942.31
,,,,,421.52
,,,,,190.88
,,,,,149.89
341.9,28,28,1,341.9,208.16
126.28,18,18,1,126.28,789.85
,,,,,314.69
370.09,27,27,1,370.09,3374.56
,,,,,382.5
,,,,,1135.04
855.05,25,11,3,285.0166667,7821.8
,,,,,954.9
,,,,,171.45
,,,,,282.19
,,,,,318.65
,,,,,384.52
283.28,18,18,1,283.28,
,,,,,353.86
,,,,,178.26
,,,,,272.44
,,,,,298.41
,,,,,240
381.64,24,24,1,381.64,221.73
268.86,22,22,1,268.86,984.5
,,,,,63.44
,,,,,562.9
,,,,,310.64
,,,,,317.62
,,,,,763.64
,,,,,2148.63
,,,,,111.98
,,,,,1065.35
,,,,,246.04
,,,,,187.83
,,,,,1703.41
,,,,,1652.58
,,,,,153.92
222.7,28,23,2,111.35,841.41
133.56,14,14,1,133.56,1286.17
,,,,,944.41
,,,,,525.24
,,,,,550.8
346.14,17,17,1,346.14,1528.97
,,,,,556.95
,,,,,131.78
,,,,,498.42
,,,,,669.11
,,,,,197.63
,,,,,1135.63
250.04,17,17,1,250.04,
324,9,9,1,324,8307.31
,,,,,82.75
,,,,,1384.85
,,,,,644.3
,,,,,2328.84
,,,,,2527.92
108.92,13,13,1,108.92,6183.34
,,,,,2600.34
450.92,24,24,1,450.92,749.7
,,,,,700.86
,,,,,921.07
127.05,22,22,1,127.05,863.18
,,,,,96.8
,,,,,523.11
,,,,,363.9
,,,,,175.2
,,,,,494.25
,,,,,307.02
,,,,,2027.87
767.6,17,17,1,767.6,5876.33
60,21,21,1,60,183.36
4360.39,22,10,2,2180.195,7992.9
513.6,22,22,1,513.6,267.76
193.64,11,11,1,193.64,
,,,,,160.57
,,,,,537.74
247.84,29,15,2,123.92,2428.72
,,,,,228.96
,,,,,1159.52
,,,,,110.75
,,,,,1286.07
,,,,,587.15
,,,,,1740
,,,,,1393.06
,,,,,178.22
,,,,,388.14
246.7,11,11,1,246.7,119.15
,,,,,127.86
,,,,,585.79
,,,,,488.2
,,,,,312.23
,,,,,4481.18
,,,,,4801.56
,,,,,168.4
,,,,,1912.67
,,,,,446.18
97.63,17,17,1,97.63,326.26
370.78,18,16,2,185.39,971.9
,,,,,646.92
,,,,,495.77
109.71,17,17,1,109.71,290.39
,,,,,203.2
785.08,29,13,3,261.6933333,3315.84
,,,,,404.66
3603.72,28,24,2,1801.86,16671.89
,,,,,65.4
,,,,,199.29
,,,,,336.4
,,,,,261.11
,,,,,2686.42
,,,,,784.11
,,,,,1259.56
,,,,,31833.68
,,,,,508.8
312.41,14,14,1,312.41,145.5
,,,,,203.87
397.5,27,27,1,397.5,6933.3
,,,,,696.41
,,,,,653.38
424.17,9,9,1,424.17,1705.79
459.97,25,25,1,459.97,2173.88
,,,,,281.62
3834.3,16,13,2,1917.15,28072.52
,,,,,1031.41
702.1,22,22,1,702.1,1498.32
,,,,,32.65
,,,,,771.85
,,,,,1214.72
,,,,,778.94
447.76,28,14,2,223.88,810.3
,,,,,778
,,,,,507.84
,,,,,6893.42
,,,,,463.46
374.27,23,23,1,374.27,3852.3
130.85,29,29,1,130.85,467.98
,,,,,1979.37
,,,,,698.41
,,,,,759.17
,,,,,5037.26
,,,,,100.8
893.95,24,17,2,446.975,16362.9
,,,,,524.92
112.6,21,21,1,112.6,153.16
,,,,,403.3
,,,,,365.76
,,,,,303.16
,,,,,2373.82
,,,,,216.3
,,,,,388.45
,,,,,186.42
,,,,,2248.56
,,,,,534.24
,,,,,2940.04
,,,,,120.9
,,,,,541.53
684.26,15,15,1,684.26,1836.6
2028.84,23,23,1,2028.84,192521.95
,,,,,1721.4
,,,,,486.72
165.85,15,15,1,165.85,351.68
,,,,,131.7
249.86,21,21,1,249.86,
,,,,,1737.7
,,,,,316.5
,,,,,657.3
70.3,29,28,2,35.15,552.13
,,,,,757.46
,,,,,675.69
,,,,,1896.41
,,,,,289.96
,,,,,763.28
,,,,,137
,,,,,1870.97
178.4,23,23,1,178.4,946.67
,,,,,710.29
,,,,,194.37
,,,,,511.82
,,,,,1255.59
,,,,,414.04
,,,,,396.87
,,,,,376.64
,,,,,2092.32
327.4,23,23,1,327.4,3231.47
,,,,,374.57
,,,,,497.56
271.05,14,14,1,271.05,
,,,,,272.22
,,,,,622.88
,,,,,1138
,,,,,288.6
,,,,,689.1
,,,,,558.96
,,,,,2997.03
,,,,,1145.84
,,,,,302.2
,,,,,605.58
,,,,,387.31
,,,,,6115.14
,,,,,308.48
6711.08,29,15,3,2237.026667,84351.3
,,,,,2924.99
,,,,,513.2
,,,,,208.65
,,,,,639.02
,,,,,768.08
,,,,,153.94
335.3,24,24,1,335.3,1508.72
,,,,,546.81
,,,,,723.21
,,,,,1070.71
,,,,,652.74
145,17,17,1,145,
422.7,15,15,1,422.7,
238.6,21,16,2,119.3,957.3
,,,,,939.37
,,,,,3628.5
300.64,21,21,1,300.64,2084.36
,,,,,296.7
,,,,,223.36
,,,,,164.4
,,,,,76.5
,,,,,897.62
,,,,,98.42
,,,,,578.9
,,,,,170.75
,,,,,645.96
,,,,,103.3
,,,,,148.86
,,,,,267.16
306.84,15,15,1,306.84,
298.52,28,28,1,298.52,631.89
,,,,,1487.6
,,,,,1952.45
,,,,,483.26
,,,,,157.9
,,,,,541.46
,,,,,854.95
,,,,,167.62
,,,,,1122.38
,,,,,454.01
,,,,,901.21
517.95,28,28,1,517.95,3813.53
,,,,,344.14
,,,,,1498.51
70.8,29,29,1,70.8,155.95
,,,,,380.6
,,,,,185.65
297,21,17,2,148.5,3325.68
,,,,,143.46
,,,,,448.9
46.85,14,14,1,46.85,168.87
786.78,28,28,1,786.78,10258.26
,,,,,175.27
,,,,,1242.3
,,,,,1133.07
,,,,,1240.2
,,,,,2404.17
,,,,,1479.22
406.6,23,23,1,406.6,1819.37
662.9,8,8,1,662.9,3264.44
,,,,,993.18
,,,,,388.79
392.62,24,24,1,392.62,2435.31
,,,,,2044.37
,,,,,161.67
,,,,,116.01
,,,,,5102.97
,,,,,394.72
,,,,,309.36
,,,,,193.42
,,,,,1112.22
244.19,17,17,1,244.19,3740.03
,,,,,2048.45
,,,,,4559.15
,,,,,390.07
,,,,,329.6
326.4,23,23,1,326.4,244.8
320.28,18,18,1,320.28,651.3
,,,,,218.52
,,,,,81.44
239.4,10,10,1,239.4,1140.5
,,,,,527.05
,,,,,843.48
,,,,,2047
,,,,,75.75
238.65,15,15,1,238.65,1575.47
,,,,,503.6
,,,,,528.33
,,,,,1324.84
,,,,,2361.97
,,,,,285.56
,,,,,547.06
,,,,,108.5
,,,,,621.66
,,,,,712.29
101.55,29,29,1,101.55,
,,,,,2895.64
251,21,21,1,251,757.39
,,,,,133.06
,,,,,1797.5
,,,,,868.49
,,,,,166.08
,,,,,3945
,,,,,4867.72
,,,,,1207.56
,,,,,117.55
676.1,22,22,1,676.1,1962.84
,,,,,1674.69
,,,,,595.42
359.95,28,14,2,179.975,2639.51
,,,,,196
,,,,,1802.91
,,,,,604.64
,,,,,728.16
,,,,,2055.51
,,,,,347.75
,,,,,3406.72
,,,,,205.7
394.18,21,21,1,394.18,1178.53
,,,,,3178.17
,,,,,1629.12
300.66,24,24,1,300.66,250.38
1019.12,23,20,2,509.56,19355.16
300.7,22,22,1,300.7,1086.98
1616.6,24,22,2,808.3,14746.63
,,,,,298.11
,,,,,1992.11
,,,,,184.4
391.5,24,24,1,391.5,2082.83
,,,,,239.41
463.02,28,16,2,231.51,2728.51
,,,,,5739.46
687.9,29,20,3,229.3,4070.05
290.4,24,14,2,145.2,
343.26,15,15,1,343.26,397.68
,,,,,200.47
,,,,,283.12
,,,,,765.34
175.6,20,20,1,175.6,2110.11
,,,,,338.95
,,,,,154.95
,,,,,2534.64
,,,,,417.95
,,,,,1824.37
,,,,,798.74
,,,,,885.19
,,,,,1823.52
477.83,22,22,1,477.83,10026.66
,,,,,152.4
,,,,,267.08
,,,,,137.45
,,,,,385.1
,,,,,522.91
,,,,,153
,,,,,326.4
,,,,,5655.99
,,,,,139.35
,,,,,5396.04
102,23,23,1,102,1093.94
910.14,22,22,1,910.14,1513.9
,,,,,3276.4
,,,,,1033
,,,,,3439.08
,,,,,1060.25
,,,,,2876.01
,,,,,5298.48
,,,,,1240.11
303.97,28,28,1,303.97,
,,,,,692.19
,,,,,700.63
454.6,23,23,1,454.6,12655.42
,,,,,377.44
,,,,,168.24
,,,,,1879.05
360.06,16,16,1,360.06,2431.29
,,,,,355.11
377.52,14,14,1,377.52,1944.88
,,,,,110.25
,,,,,71.4
,,,,,674.52
,,,,,1797.57
80.64,15,15,1,80.64,
,,,,,1772.26
565.8,28,16,4,141.45,5039.49
,,,,,3456.7
,,,,,834.99
172.54,29,29,1,172.54,115.05
,,,,,712.78
,,,,,15
,,,,,818.82
,,,,,371.88
,,,,,271.2
,,,,,2273.18
,,,,,3997.98
,,,,,1143.27
,,,,,245.81
,,,,,182.77
,,,,,1225.41
,,,,,56.4
,,,,,665.86
,,,,,658.57
,,,,,188.02
,,,,,283.47
,,,,,131.94
,,,,,278.74
736.28,27,27,1,736.28,1128.91
,,,,,1117.9
,,,,,225.9
399.55,20,13,3,133.1833333,1566
,,,,,106.1
,,,,,323.04
,,,,,350.39
114.65,25,25,1,114.65,583.25
,,,,,780.43
223.48,17,17,1,223.48,2832.45
,,,,,1199.01
100.2,28,28,1,100.2,1184.84
,,,,,512.31
,,,,,546.04
1251.5,29,27,2,625.75,4160.41
,,,,,7837.73
217.55,24,24,1,217.55,514.61
,,,,,1770.88
16.21,21,21,1,16.21,20.35
,,,,,387.68
980.12,27,18,2,490.06,2724.75
,,,,,298.4
1271.8,20,20,1,1271.8,723.66
,,,,,1820.09
,,,,,889.24
,,,,,398.7
,,,,,35.4
,,,,,155.37
,,,,,350.64
,,,,,110.21
,,,,,1593.38
935.56,28,21,2,467.78,1843.74
,,,,,338.8
2473.07,29,11,6,412.1783333,38518.5
,,,,,205.48
,,,,,51.56
,,,,,2033.1
97.3,14,14,1,97.3,803.9
,,,,,605.8
5391.21,29,28,2,2695.605,
,,,,,114.34
,,,,,311.26
208.97,28,28,1,208.97,
,,,,,1418.03
1340.7,21,14,2,670.35,25538.34
1556.85,25,15,2,778.425,3598.81
,,,,,148.21
252.8,24,24,1,252.8,
,,,,,2100.8
,,,,,330.9
384.72,25,25,1,384.72,2775.28
,,,,,597.5
1079.83,20,13,2,539.915,9446.49
,,,,,329.65
,,,,,1197.1
214.32,24,24,1,214.32,213.86
326.4,22,22,1,326.4,1567.95
,,,,,155.9
215.15,29,29,1,215.15,1644.01
,,,,,683.46
,,,,,237.61
,,,,,379.45
,,,,,178.52
458.92,20,20,1,458.92,
,,,,,133.35
,,,,,671.77
324.62,27,24,2,162.31,392.83
,,,,,190.19
,,,,,899.61
,,,,,111.35
29.43,13,13,1,29.43,696.62
,,,,,203.87
476.96,17,17,1,476.96,125.13
,,,,,203.86
,,,,,244.1
,,,,,112.25
515.85,22,8,4,128.9625,603.96
,,,,,98
,,,,,256.32
434.62,29,23,2,217.31,131.98
,,,,,152.06
,,,,,155.8
,,,,,112.2
,,,,,110.38
,,,,,191.67
394.15,29,8,2,197.075,406.09
,,,,,72.9
243.28,29,29,1,243.28,
,,,,,366.23
289.41,20,15,3,96.47,21.6
218.05,11,11,1,218.05,193.55
,,,,,336.43
110.91,18,18,1,110.91,230.37
,,,,,1304.04
735.91,29,24,2,367.955,3468.19
,,,,,826.52
,,,,,207.5
279,29,29,1,279,2683.5
244.08,28,28,1,244.08,
,,,,,397.29
,,,,,212.54
,,,,,843
,,,,,1740.48
,,,,,408.36
,,,,,1331.57
,,,,,704.25
,,,,,145.79
,,,,,389.84
2153.88,18,17,2,1076.94,2147.34
,,,,,99.14
,,,,,4106.44
,,,,,304.56
,,,,,77.5
,,,,,149.58
,,,,,176.68
,,,,,358.56
1314,27,27,1,1314,57196.48
263.17,21,21,1,263.17,219.03
409.5,29,14,2,204.75,599.04
128.68,27,23,2,64.34,2204.04
,,,,,557.3
,,,,,12.75
,,,,,111.68
,,,,,508.46
,,,,,73.78
569.75,28,9,2,284.875,726.69
,,,,,102.83
261.76,28,28,1,261.76,209.94
156.8,25,21,2,78.4,2465.77
,,,,,1098.43
123.07,27,27,1,123.07,
277.35,29,29,1,277.35,
125.2,17,17,1,125.2,103
,,,,,582.59
,,,,,136.04
,,,,,337.04
,,,,,740.79
621.49,22,16,2,310.745,3867.32
353.19,28,28,1,353.19,
,,,,,288.14
300.92,21,21,1,300.92,
,,,,,757.71
295.2,15,15,1,295.2,516.25
,,,,,152.68
,,,,,634.95
,,,,,20.8
,,,,,198.57
,,,,,201.12
316,17,9,2,158,314.84
,,,,,93.35
,,,,,678.49
,,,,,76.1
,,,,,1970.67
190.34,22,22,1,190.34,191.72
,,,,,417.23
169.47,18,18,1,169.47,
,,,,,249.72
,,,,,444.68
,,,,,2116.19
,,,,,257.34
,,,,,174.8
102.79,29,29,1,102.79,
,,,,,187.29
,,,,,166.42
,,,,,120.03
156.65,20,20,1,156.65,1326.91
,,,,,523
,,,,,122.14
,,,,,38.45
,,,,,668.11
,,,,,389.78
,,,,,115.31
,,,,,230.65
,,,,,73.5
,,,,,97.97
,,,,,422.88
,,,,,730.4
,,,,,405.62
31.3,18,18,1,31.3,38.72
,,,,,357.2
634.29,28,21,2,317.145,3549.1
,,,,,165.05
316.46,22,22,1,316.46,243.05
74.25,16,16,1,74.25,2014.35
,,,,,189.4
,,,,,172.29
74.4,15,15,1,74.4,
,,,,,300.02
1751.12,25,14,3,583.7066667,5033.07
,,,,,363.65
,,,,,170.16
,,,,,306.46
405.16,22,22,1,405.16,1714.25
,,,,,720.52
,,,,,814
345.02,20,20,1,345.02,2047.81
,,,,,318
,,,,,396.33
,,,,,101.7
,,,,,2036.67
258.95,21,21,1,258.95,194.05
,,,,,247.44
,,,,,3877.52
489.6,29,29,1,489.6,
198.95,16,16,1,198.95,2412.8
396.33,22,11,2,198.165,2236.68
,,,,,336.13
,,,,,3651.97
,,,,,1231.5
,,,,,343.45
,,,,,703.37
,,,,,90.48
303.9,29,29,1,303.9,386.05
,,,,,101.34
,,,,,4055.72
,,,,,167.67
2852.64,21,8,3,950.88,6215.62
,,,,,2106.52
,,,,,3017.3
,,,,,580.05
,,,,,911.15
182.52,10,10,1,182.52,2515.28
,,,,,168.31
,,,,,223.65
27834.61,23,21,2,13917.305,231822.69
,,,,,754.64
,,,,,113.48
,,,,,430.7
,,,,,271
552.75,25,18,2,276.375,7500.22
,,,,,236.3
,,,,,352.69
76.32,24,24,1,76.32,
,,,,,220.1
665.57,20,7,3,221.8566667,752.46
,,,,,320.72
608.51,25,20,2,304.255,5045.31
181.12,23,23,1,181.12,
,,,,,111.15
,,,,,673.1
,,,,,1826.21
,,,,,589.44
,,,,,1142.99
,,,,,206.83
,,,,,348.73
,,,,,112.55
,,,,,1059.39
,,,,,931.5
,,,,,681.91
,,,,,784.33
,,,,,152.65
,,,,,8438.34
,,,,,1019.52
,,,,,1000.16
502.65,29,16,2,251.325,2386.1
,,,,,2861.55
,,,,,160.35
,,,,,179.34
,,,,,612.08
,,,,,566.58
,,,,,653.35
,,,,,399.19
,,,,,371.62
206.23,25,25,1,206.23,528.71
,,,,,453.4
,,,,,530.15
,,,,,638.06
,,,,,1618.69
,,,,,399.65
,,,,,302.46
,,,,,1384.86
449.94,28,15,2,224.97,720
,,,,,202.65
,,,,,980.31
,,,,,1231.31
,,,,,7561.68
,,,,,2106.84
,,,,,104
476.35,14,14,1,476.35,
,,,,,1341.42
300.65,20,20,1,300.65,1290.16
,,,,,1793.17
,,,,,1843.75
,,,,,382.8
,,,,,632.07
,,,,,49.8
,,,,,304.25
,,,,,2001.04
,,,,,1090.24
,,,,,284.46
,,,,,207.8
,,,,,957.97
,,,,,243.76
,,,,,973.84
,,,,,689.13
,,,,,5425.56
,,,,,163.8
,,,,,1396.99
,,,,,160.42
,,,,,1993.7
,,,,,517.36
,,,,,139.1
,,,,,2621.38
,,,,,600.07
,,,,,248.42
,,,,,232.48
,,,,,299.34
,,,,,481.75
,,,,,621.75
,,,,,662.08
390.06,24,16,2,195.03,1679.71
,,,,,305.28
,,,,,1041.61
,,,,,443
501.69,14,14,1,501.69,5982.85
,,,,,158.95
30,21,21,1,30,5479.12
,,,,,5228.05
,,,,,93.75
,,,,,779.9
653.2,29,22,2,326.6,6623.7
,,,,,2810.2
,,,,,2083.27
,,,,,592.97
,,,,,440
,,,,,1796.48
,,,,,882.24
,,,,,987.1
438.1,28,28,1,438.1,1123.51
,,,,,422.58
,,,,,2073.09
,,,,,2232.49
365.73,11,11,1,365.73,2201.33
,,,,,596.1
,,,,,804.02
,,,,,95.34
,,,,,349.27
,,,,,4314.72
,,,,,526.67
,,,,,103.3
,,,,,2337.63
376.3,22,22,1,376.3,1962.3
230.7,14,14,1,230.7,2412.5
,,,,,324.24
,,,,,149.48
,,,,,1213.16
,,,,,801.51
,,,,,25.5
168.6,22,22,1,168.6,
,,,,,283.15
,,,,,3078.58
,,,,,204
,,,,,175.92
,,,,,335.86
,,,,,110.38
,,,,,173.9
,,,,,180.6
,,,,,80.82
,,,,,178.05
,,,,,2094.88
,,,,,1837.28
